INSTALACAO ORIGEM;MUNICIPIO ORIGEM;UF ORIGEM;MODAL ORIGEM;INSTALACAO DESTINO;MUNICIPIO DESTINO;UF DESTINO;REDE_ORIGEM;REDE_DESTINO
Refinaria;SAO FRANCISCO DO CONDE;BA;DUTOVIARIO;BASE PRIMARIA/TERMINAL;CANDEIAS;BA;A;B
Refinaria;SAO FRANCISCO DO CONDE;BA;DUTOVIARIO;BASE PRIMARIA/TERMINAL;CANDEIAS;BA;A;B
Refinaria;SAO FRANCISCO DO CONDE;BA;DUTOVIARIO;BASE PRIMARIA/TERMINAL;ITABUNA;BA;A;B
Refinaria;SAO FRANCISCO DO CONDE;BA;DUTOVIARIO;BASE PRIMARIA/TERMINAL;JEQUIE;BA;A;B
Refinaria;SAO FRANCISCO DO CONDE;BA;DUTOVIARIO;BASE PRIMARIA/TERMINAL;SAO FRANCISCO DO CONDE;BA;A;B
Refinaria;SAO FRANCISCO DO CONDE;BA;DUTOVIARIO;BASE PRIMARIA/TERMINAL;SAO FRANCISCO DO CONDE;BA;A;B
Refinaria;SAO FRANCISCO DO CONDE;BA;RODOVIARIO;BASE PRIMARIA/TERMINAL;BARREIRAS;BA;A;B
Petroquímica;CAMACARI;BA;DUTOVIARIO;REFINARIA;SAO FRANCISCO DO CONDE;BA;A;B
Petroquímica;CAMACARI;BA;DUTOVIARIO;REFINARIA;SAO FRANCISCO DO CONDE;BA;A;B
Porto;FORTALEZA;CE;MARITIMO;BASE PRIMARIA/TERMINAL;FORTALEZA;CE;A;B
Suape;IPOJUCA;PE;MARITIMO;BASE PRIMARIA/TERMINAL;IPOJUCA;PE;A;B
Refinaria;IPOJUCA;PE;MARITIMO;BASE SECUNDARIA;CRATO;CE;A;B
Refinaria;IPOJUCA;PE;MARITIMO;BASE PRIMARIA/TERMINAL;IPOJUCA;PE;A;B
Refinaria;GUAMARE;RN;MARITIMO;BASE PRIMARIA/TERMINAL;NATAL;RN;A;B
Porto;SAO LUIS;MA;MARITIMO;BASE PRIMARIA/TERMINAL;SAO LUIS;MA;A;B
Porto;SAO LUIS;MA;MARITIMO;BASE PRIMARIA/TERMINAL;SAO LUIS;MA;A;B
Porto;SAO LUIS;MA;MARITIMO;BASE PRIMARIA/TERMINAL;SAO LUIS;MA;A;B
Refinaria;MANAUS;AM;DUTOVIARIO;BASE PRIMARIA/TERMINAL;MANAUS;AM;A;B
Refinaria;MANAUS;AM;DUTOVIARIO;BASE PRIMARIA/TERMINAL;MANAUS;AM;A;B
Refinaria;MANAUS;AM;DUTOVIARIO;BASE PRIMARIA/TERMINAL;ITACOATIARA;AM;A;B
Refinaria;MANAUS;AM;DUTOVIARIO;BASE PRIMARIA/TERMINAL;MANAUS;AM;A;B
Refinaria;MANAUS;AM;DUTOVIARIO;BASE PRIMARIA/TERMINAL;MANAUS;AM;A;B
Refinaria;MANAUS;AM;DUTOVIARIO;BASE PRIMARIA/TERMINAL;MANAUS;AM;A;B
Refinaria;MANAUS;AM;DUTOVIARIO;BASE PRIMARIA/TERMINAL;MANAUS;AM;A;B
Refinaria;MANAUS;AM;DUTOVIARIO;BASE PRIMARIA/TERMINAL;MANAUS;AM;A;B
Refinaria;MANAUS;AM;DUTOVIARIO;BASE PRIMARIA/TERMINAL;MANAUS;AM;A;B
Refinaria;MANAUS;AM;DUTOVIARIO;BASE PRIMARIA/TERMINAL;MANAUS;AM;A;B
Refinaria;MANAUS;AM;DUTOVIARIO;BASE PRIMARIA/TERMINAL;MANAUS;AM;A;B
Refinaria;MANAUS;AM;DUTOVIARIO;BASE PRIMARIA/TERMINAL;MANAUS;AM;A;B
Refinaria;MANAUS;AM;DUTOVIARIO;BASE PRIMARIA/TERMINAL;MANAUS;AM;A;B
Refinaria;MANAUS;AM;DUTOVIARIO;BASE PRIMARIA/TERMINAL;MANAUS;AM;A;B
Porto;ITACOATIARA;AM;HIDROVIARIO;BASE SECUNDARIA;PORTO VELHO;RO;A;B
Porto;MANAUS;AM;MARITIMO - Cabotagem;BASE PRIMARIA/TERMINAL;BELEM;PA;A;B
Refinaria;BETIM;MG;DUTOVIARIO;BASE PRIMARIA/TERMINAL;BETIM;MG;A;B
Refinaria;BETIM;MG;DUTOVIARIO;BASE PRIMARIA/TERMINAL;BETIM;MG;A;B
Refinaria;RIO DE JANEIRO;RJ;RODOVIARIO;BASE SECUNDARIA;ARUJA;SP;A;B
Refinaria;RIO DE JANEIRO;RJ;RODOVIARIO;BASE SECUNDARIA;BARRA MANSA;RJ;A;B
Refinaria;RIO DE JANEIRO;RJ;RODOVIARIO;BASE PRIMARIA/TERMINAL;VITORIA;ES;A;B
Refinaria;DUQUE DE CAXIAS;RJ;DUTOVIARIO;BASE PRIMARIA/TERMINAL;DUQUE DE CAXIAS;RJ;A;B
Refinaria;PAULINIA;SP;DUTOVIARIO;BASE PRIMARIA/TERMINAL;GUARAREMA;SP;A;B
Refinaria;PAULINIA;SP;DUTOVIARIO;BASE PRIMARIA/TERMINAL;PAULINIA;SP;A;B
Refinaria;PAULINIA;SP;DUTOVIARIO;BASE PRIMARIA/TERMINAL;PAULINIA;SP;A;B
Refinaria;PAULINIA;SP;DUTOVIARIO;BASE PRIMARIA/TERMINAL;RIBEIRAO PRETO;SP;A;B
Refinaria;PAULINIA;SP;DUTOVIARIO;BASE PRIMARIA/TERMINAL;RIBEIRAO PRETO;SP;A;B
Refinaria;PAULINIA;SP;DUTOVIARIO;BASE PRIMARIA/TERMINAL;PAULINIA;SP;A;B
Refinaria;PAULINIA;SP;DUTOVIARIO;BASE PRIMARIA/TERMINAL;GUARAREMA;SP;A;B
Refinaria;PAULINIA;SP;DUTOVIARIO;BASE PRIMARIA/TERMINAL;PAULINIA;SP;A;B
Refinaria;PAULINIA;SP;DUTOVIARIO;BASE PRIMARIA/TERMINAL;PAULINIA;SP;A;B
Refinaria;PAULINIA;SP;DUTOVIARIO;BASE PRIMARIA/TERMINAL;PAULINIA;SP;A;B
Refinaria;PAULINIA;SP;DUTOVIARIO;BASE PRIMARIA/TERMINAL;RIBEIRAO PRETO;SP;A;B
Refinaria;PAULINIA;SP;DUTOVIARIO;BASE PRIMARIA/TERMINAL;RIBEIRAO PRETO;SP;A;B
Refinaria;PAULINIA;SP;DUTOVIARIO;BASE PRIMARIA/TERMINAL;RIBEIRAO PRETO;SP;A;B
Refinaria;PAULINIA;SP;DUTOVIARIO;BASE PRIMARIA/TERMINAL;RIBEIRAO PRETO;SP;A;B
Refinaria;PAULINIA;SP;DUTOVIARIO;BASE PRIMARIA/TERMINAL;RIBEIRAO PRETO;SP;A;B
Refinaria;PAULINIA;SP;DUTOVIARIO;BASE PRIMARIA/TERMINAL;RIBEIRAO PRETO;SP;A;B
Refinaria;PAULINIA;SP;DUTOVIARIO;BASE PRIMARIA/TERMINAL;RIBEIRAO PRETO;SP;A;B
Refinaria;PAULINIA;SP;DUTOVIARIO;BASE PRIMARIA/TERMINAL;PAULINIA;SP;A;B
Refinaria;PAULINIA;SP;DUTOVIARIO;BASE PRIMARIA/TERMINAL;PAULINIA;SP;A;B
Refinaria;SANTOS;SP;MARITIMO;BASE PRIMARIA/TERMINAL;SANTOS;SP;A;B
Refinaria;CUBATAO;SP;DUTOVIARIO;BASE PRIMARIA/TERMINAL;CUBATAO;SP;A;B
Refinaria;CUBATAO;SP;DUTOVIARIO;BASE PRIMARIA/TERMINAL;SAO CAETANO DO SUL;SP;A;B
Refinaria;SAO JOSE DOS CAMPOS;SP;DUTOVIARIO;BASE PRIMARIA/TERMINAL;GUARULHOS;SP;A;B
Refinaria;SAO JOSE DOS CAMPOS;SP;DUTOVIARIO;BASE PRIMARIA/TERMINAL;GUARAREMA;SP;A;B
Refinaria;SAO JOSE DOS CAMPOS;SP;DUTOVIARIO;BASE PRIMARIA/TERMINAL;GUARULHOS;SP;A;B
Refinaria;ARAUCARIA;PR;DUTOVIARIO;BASE PRIMARIA/TERMINAL;ARAUCARIA;PR;A;B
Refinaria;ARAUCARIA;PR;DUTOVIARIO;BASE PRIMARIA/TERMINAL;ARAUCARIA;PR;A;B
Refinaria;ARAUCARIA;PR;DUTOVIARIO;BASE PRIMARIA/TERMINAL;ARAUCARIA;PR;A;B
Refinaria;ARAUCARIA;PR;DUTOVIARIO;BASE PRIMARIA/TERMINAL;ARAUCARIA;PR;A;B
Porto;PARANAGUA;PR;FERROVIARIO;BASE PRIMARIA/TERMINAL;ARAUCARIA;PR;A;B
Porto;PARANAGUA;PR;FERROVIARIO;BASE PRIMARIA/TERMINAL;ARAUCARIA;PR;A;B
Porto;PARANAGUA;PR;FERROVIARIO;BASE PRIMARIA/TERMINAL;ARAUCARIA;PR;A;B
Porto;PARANAGUA;PR;FERROVIARIO;BASE PRIMARIA/TERMINAL;ARAUCARIA;PR;A;B
Porto;PARANAGUA;PR;FERROVIARIO;BASE PRIMARIA/TERMINAL;ARAUCARIA;PR;A;B
Porto;PARANAGUA;PR;FERROVIARIO;BASE PRIMARIA/TERMINAL;ARAUCARIA;PR;A;B
Porto;PARANAGUA;PR;FERROVIARIO;BASE PRIMARIA/TERMINAL;ARAUCARIA;PR;A;B
Porto;PARANAGUA;PR;FERROVIARIO;BASE PRIMARIA/TERMINAL;ARAUCARIA;PR;A;B
Porto;PARANAGUA;PR;FERROVIARIO;BASE PRIMARIA/TERMINAL;ARAUCARIA;PR;A;B
Porto;PARANAGUA;PR;FERROVIARIO;BASE PRIMARIA/TERMINAL;ARAUCARIA;PR;A;B
Porto;PARANAGUA;PR;FERROVIARIO;BASE PRIMARIA/TERMINAL;ARAUCARIA;PR;A;B
Porto;PARANAGUA;PR;FERROVIARIO;BASE PRIMARIA/TERMINAL;ARAUCARIA;PR;A;B
Porto;PARANAGUA;PR;FERROVIARIO;BASE PRIMARIA/TERMINAL;ARAUCARIA;PR;A;B
Porto;PARANAGUA;PR;FERROVIARIO;BASE PRIMARIA/TERMINAL;ARAUCARIA;PR;A;B
Refinaria;CANOAS;RS;DUTOVIARIO;BASE PRIMARIA/TERMINAL;ESTEIO;RS;A;B
Refinaria;CANOAS;RS;DUTOVIARIO;BASE PRIMARIA/TERMINAL;ESTEIO;RS;A;B
Refinaria;CANOAS;RS;DUTOVIARIO;BASE PRIMARIA/TERMINAL;ESTEIO;RS;A;B
Refinaria;CANOAS;RS;DUTOVIARIO;BASE PRIMARIA/TERMINAL;ESTEIO;RS;A;B
Refinaria;CANOAS;RS;DUTOVIARIO;BASE PRIMARIA/TERMINAL;CANOAS;RS;A;B
Refinaria;CANOAS;RS;DUTOVIARIO;BASE PRIMARIA/TERMINAL;CANOAS;RS;A;B
Refinaria;CANOAS;RS;FERROVIARIO;BASE SECUNDARIA;CANOAS;RS;A;B
Refinaria;CANOAS;RS;RODOVIARIO;BASE SECUNDARIA;SANTA MARIA;RS;A;B
Refinaria;RIO GRANDE;RS;FERROVIARIO;BASE SECUNDARIA;TUBARAO;SC;A;B
Refinaria;RIO GRANDE;RS;RODOVIARIO;BASE SECUNDARIA;LAGES;SC;A;B
Refinaria;RIO GRANDE;RS;FERROVIARIO;BASE SECUNDARIA;ICARA;SC;A;B
Petroquímica;RIO GRANDE;RS;RODOVIARIO;BASE SECUNDARIA;ESTEIO;RS;A;B
Petroquímica;TRIUNFO;RS;DUTOVIARIO;BASE PRIMARIA/TERMINAL;CANOAS;RS;A;B
BASE PRIMARIA/TERMINAL;CANDEIAS;BA;FERROVIARIO;BASE SECUNDARIA;JUAZEIRO;BA;B;C
BASE PRIMARIA/TERMINAL;CANDEIAS;BA;FERROVIARIO;BASE SECUNDARIA;MONTES CLAROS;MG;B;C
BASE PRIMARIA/TERMINAL;ITABUNA;BA;RODOVIARIO;BASE SECUNDARIA;TEIXEIRA DE FREITAS;BA;B;C
BASE PRIMARIA/TERMINAL;SAO FRANCISCO DO CONDE;BA;RODOVIARIO;BASE SECUNDARIA;CAMACARI;BA;B;C
BASE PRIMARIA/TERMINAL;SAO FRANCISCO DO CONDE;BA;RODOVIARIO;BASE SECUNDARIA;LARANJEIRAS;SE;B;C
BASE PRIMARIA/TERMINAL;BARREIRAS;BA;RODOVIARIO;BASE SECUNDARIA;LUIS EDUARDO MAGALHAES;BA;B;C
REFINARIA;SAO FRANCISCO DO CONDE;BA;DUTOVIARIO;BASE PRIMARIA/TERMINAL;JUAZEIRO;BA;B;C
REFINARIA;SAO FRANCISCO DO CONDE;BA;DUTOVIARIO;BASE PRIMARIA/TERMINAL;MONTES CLAROS;MG;B;C
BASE PRIMARIA/TERMINAL;FORTALEZA;CE;RODOVIARIO;BASE SECUNDARIA;MARACANAU;CE;B;C
BASE PRIMARIA/TERMINAL;IPOJUCA;PE;RODOVIARIO;BASE SECUNDARIA;CHA DE ALEGRIA;PE;B;C
BASE PRIMARIA/TERMINAL;IPOJUCA;PE;RODOVIARIO;BASE PRIMARIA/TERMINAL;CABEDELO;PB;B;C
BASE PRIMARIA/TERMINAL;SAO LUIS;MA;FERROVIARIO;BASE SECUNDARIA;ACAILANDIA;MA;B;C
BASE PRIMARIA/TERMINAL;SAO LUIS;MA;FERROVIARIO;BASE SECUNDARIA;ACAILANDIA;MA;B;C
BASE PRIMARIA/TERMINAL;SAO LUIS;MA;FERROVIARIO;BASE SECUNDARIA;TERESINA;PI;B;C
BASE PRIMARIA/TERMINAL;MANAUS;AM;FERROVIARIO;BASE PRIMARIA/TERMINAL;ITACOATIARA;AM;B;C
BASE PRIMARIA/TERMINAL;MANAUS;AM;FERROVIARIO;BASE SECUNDARIA;PORTO VELHO;RO;B;C
BASE PRIMARIA/TERMINAL;ITACOATIARA;AM;FERROVIARIO;BASE SECUNDARIA;SANTAREM;PA;B;C
BASE PRIMARIA/TERMINAL;MANAUS;AM;FERROVIARIO;BASE SECUNDARIA;PORTO VELHO;RO;B;C
BASE PRIMARIA/TERMINAL;MANAUS;AM;FERROVIARIO;BASE SECUNDARIA;PORTO VELHO;RO;B;C
BASE PRIMARIA/TERMINAL;MANAUS;AM;FERROVIARIO;BASE SECUNDARIA;PORTO VELHO;RO;B;C
BASE PRIMARIA/TERMINAL;MANAUS;AM;FERROVIARIO;BASE SECUNDARIA;PORTO VELHO;RO;B;C
BASE PRIMARIA/TERMINAL;MANAUS;AM;FERROVIARIO;BASE SECUNDARIA;CRUZEIRO DO SUL;AC;B;C
BASE PRIMARIA/TERMINAL;MANAUS;AM;FERROVIARIO;BASE SECUNDARIA;PORTO VELHO;RO;B;C
BASE PRIMARIA/TERMINAL;MANAUS;AM;FERROVIARIO;BASE SECUNDARIA;CARACARAI;RO;B;C
BASE PRIMARIA/TERMINAL;MANAUS;AM;FERROVIARIO;BASE SECUNDARIA;CRUZEIRO DO SUL;AC;B;C
BASE PRIMARIA/TERMINAL;MANAUS;AM;FERROVIARIO;BASE SECUNDARIA;PORTO VELHO;RO;B;C
BASE PRIMARIA/TERMINAL;MANAUS;AM;FERROVIARIO;BASE SECUNDARIA;PORTO VELHO;RO;B;C
BASE SECUNDARIA;PORTO VELHO;RO;FERROVIARIO;BASE SECUNDARIA;VILHENA;RO;B;C
BASE PRIMARIA/TERMINAL;BELEM;PA;FERROVIARIO;BASE SECUNDARIA;MACAPA;AP;B;C
BASE PRIMARIA/TERMINAL;BETIM;MG;FERROVIARIO;BASE SECUNDARIA;MONTES CLAROS;MG;B;C
BASE PRIMARIA/TERMINAL;BETIM;MG;RODOVIARIO;BASE PRIMARIA/TERMINAL;VITORIA;ES;B;C
BASE PRIMARIA/TERMINAL;DUQUE DE CAXIAS;RJ;RODOVIARIO;BASE PRIMARIA/TERMINAL;VITORIA;ES;B;C
BASE PRIMARIA/TERMINAL;GUARAREMA;SP;DUTOVIARIO;BASE PRIMARIA/TERMINAL;SAO JOSE DOS CAMPOS;SP;B;C
BASE PRIMARIA/TERMINAL;PAULINIA;SP;FERROVIARIO;BASE SECUNDARIA;ALTO TAQUARI;MT;B;C
BASE PRIMARIA/TERMINAL;PAULINIA;SP;FERROVIARIO;BASE SECUNDARIA;BAURU;SP;B;C
BASE PRIMARIA/TERMINAL;RIBEIRAO PRETO;SP;DUTOVIARIO;BASE PRIMARIA/TERMINAL;UBERABA;MG;B;C
BASE PRIMARIA/TERMINAL;RIBEIRAO PRETO;SP;DUTOVIARIO;BASE PRIMARIA/TERMINAL;UBERABA;MG;B;C
BASE PRIMARIA/TERMINAL;PAULINIA;SP;DUTOVIARIO;BASE PRIMARIA/TERMINAL;BARUERI;SP;B;C
BASE PRIMARIA/TERMINAL;GUARAREMA;SP;DUTOVIARIO;BASE PRIMARIA/TERMINAL;GUARULHOS;SP;B;C
BASE PRIMARIA/TERMINAL;PAULINIA;SP;DUTOVIARIO;BASE PRIMARIA/TERMINAL;BARUERI;SP;B;C
BASE PRIMARIA/TERMINAL;PAULINIA;SP;FERROVIARIO;BASE SECUNDARIA;ALTO TAQUARI;MT;B;C
BASE PRIMARIA/TERMINAL;PAULINIA;SP;RODOVIARIO;BASE SECUNDARIA;VARZEA GRANDE;MT;B;C
BASE PRIMARIA/TERMINAL;RIBEIRAO PRETO;SP;DUTOVIARIO;BASE PRIMARIA/TERMINAL;ARACATUBA;SP;B;C
BASE PRIMARIA/TERMINAL;RIBEIRAO PRETO;SP;DUTOVIARIO;BASE PRIMARIA/TERMINAL;UBERABA;MG;B;C
BASE PRIMARIA/TERMINAL;RIBEIRAO PRETO;SP;DUTOVIARIO;BASE PRIMARIA/TERMINAL;UBERABA;MG;B;C
BASE PRIMARIA/TERMINAL;RIBEIRAO PRETO;SP;DUTOVIARIO;BASE PRIMARIA/TERMINAL;UBERABA;MG;B;C
BASE PRIMARIA/TERMINAL;RIBEIRAO PRETO;SP;DUTOVIARIO;BASE PRIMARIA/TERMINAL;UBERABA;MG;B;C
BASE PRIMARIA/TERMINAL;RIBEIRAO PRETO;SP;FERROVIARIO;BASE PRIMARIA/TERMINAL;UBERABA;MG;B;C
BASE PRIMARIA/TERMINAL;RIBEIRAO PRETO;SP;RODOVIARIO;BASE PRIMARIA/TERMINAL;ALTO TAQUARI;MT;B;C
BASE PRIMARIA/TERMINAL;PAULINIA;SP;FERROVIARIO;BASE SECUNDARIA;CAMPO GRANDE;MS;B;C
BASE PRIMARIA/TERMINAL;PAULINIA;SP;RODOVIARIO;BASE SECUNDARIA;PAULINIA;SP;B;C
BASE PRIMARIA/TERMINAL;SANTOS;SP;RODOVIARIO;BASE PRIMARIA/TERMINAL;SAO CAETANO DO SUL;SP;B;C
BASE PRIMARIA/TERMINAL;CUBATAO;SP;DUTOVIARIO;BASE PRIMARIA/TERMINAL;SAO CAETANO DO SUL;SP;B;C
BASE PRIMARIA/TERMINAL;SAO CAETANO DO SUL;SP;DUTOVIARIO;BASE PRIMARIA/TERMINAL;SAO PAULO;SP;B;C
BASE PRIMARIA/TERMINAL;GUARULHOS;SP;DUTOVIARIO;BASE PRIMARIA/TERMINAL;SAO CAETANO DO SUL;SP;B;C
BASE PRIMARIA/TERMINAL;GUARAREMA;SP;DUTOVIARIO;BASE PRIMARIA/TERMINAL;PAULINIA;SP;B;C
BASE PRIMARIA/TERMINAL;GUARULHOS;SP;DUTOVIARIO;BASE PRIMARIA/TERMINAL;UBERABA;MG;B;C
BASE PRIMARIA/TERMINAL;ARAUCARIA;PR;RODOVIARIO;BASE SECUNDARIA;CASCAVEL;PR;B;C
BASE PRIMARIA/TERMINAL;ARAUCARIA;PR;FERROVIARIO;BASE SECUNDARIA;LONDRINA;PR;B;C
BASE PRIMARIA/TERMINAL;ARAUCARIA;PR;FERROVIARIO;BASE SECUNDARIA;MARINGA;PR;B;C
BASE PRIMARIA/TERMINAL;ARAUCARIA;PR;DUTOVIARIO;BASE PRIMARIA/TERMINAL;GUARAMIRIM;SC;B;C
BASE PRIMARIA/TERMINAL;ARAUCARIA;PR;RODOVIARIO;BASE SECUNDARIA;CASCAVEL;PR;B;C
BASE PRIMARIA/TERMINAL;ARAUCARIA;PR;RODOVIARIO;BASE SECUNDARIA;ASSIS CHATEAUBRIAND;PR;B;C
BASE PRIMARIA/TERMINAL;ARAUCARIA;PR;RODOVIARIO;BASE SECUNDARIA;CAMPO LARGO;PR;B;C
BASE PRIMARIA/TERMINAL;ARAUCARIA;PR;RODOVIARIO;BASE SECUNDARIA;CIANORTE;PR;B;C
BASE PRIMARIA/TERMINAL;ARAUCARIA;PR;FERROVIARIO;BASE SECUNDARIA;GUARAPUAVA;PR;B;C
BASE PRIMARIA/TERMINAL;ARAUCARIA;PR;RODOVIARIO;BASE SECUNDARIA;IGUATEMI;MS;B;C
BASE PRIMARIA/TERMINAL;ARAUCARIA;PR;FERROVIARIO;BASE SECUNDARIA;LONDRINA;PR;B;C
BASE PRIMARIA/TERMINAL;ARAUCARIA;PR;FERROVIARIO;BASE SECUNDARIA;MARINGA;PR;B;C
BASE PRIMARIA/TERMINAL;ARAUCARIA;PR;RODOVIARIO;BASE SECUNDARIA;NOVA ESPERANCA;PR;B;C
BASE PRIMARIA/TERMINAL;ARAUCARIA;PR;RODOVIARIO;BASE SECUNDARIA;PINHAIS;PR;B;C
BASE PRIMARIA/TERMINAL;ARAUCARIA;PR;RODOVIARIO;BASE SECUNDARIA;PONTA GROSSA;PR;B;C
BASE PRIMARIA/TERMINAL;ARAUCARIA;PR;RODOVIARIO;BASE SECUNDARIA;RENASCENCA;PR;B;C
BASE PRIMARIA/TERMINAL;ARAUCARIA;PR;RODOVIARIO;BASE SECUNDARIA;SAO MATEUS DO SUL;PR;B;C
BASE PRIMARIA/TERMINAL;ARAUCARIA;PR;RODOVIARIO;BASE SECUNDARIA;UMUARAMA;PR;B;C
BASE PRIMARIA/TERMINAL;ESTEIO;RS;FERROVIARIO;BASE SECUNDARIA;CRUZ ALTA;RS;B;C
BASE PRIMARIA/TERMINAL;ESTEIO;RS;FERROVIARIO;BASE SECUNDARIA;IJUI;RS;B;C
BASE PRIMARIA/TERMINAL;ESTEIO;RS;FERROVIARIO;BASE SECUNDARIA;PASSO FUNDO;RS;B;C
BASE PRIMARIA/TERMINAL;ESTEIO;RS;FERROVIARIO;BASE SECUNDARIA;PASSO FUNDO;RS;B;C
BASE PRIMARIA/TERMINAL;CANOAS;RS;FERROVIARIO;BASE SECUNDARIA;PASSO FUNDO;RS;B;C
BASE PRIMARIA/TERMINAL;CANOAS;RS;FERROVIARIO;BASE SECUNDARIA;SANTA MARIA;RS;B;C
BASE SECUNDARIA;CANOAS;RS;RODOVIARIO;BASE SECUNDARIA;TUBARAO;SC;B;C
BASE SECUNDARIA;ACAILANDIA;MA;FERROVIARIO;BASE SECUNDARIA;MARABA;PA;C;D
BASE SECUNDARIA;ACAILANDIA;MA;FERROVIARIO;BASE SECUNDARIA;MARABA;PA;C;D
BASE SECUNDARIA;PORTO VELHO;RO;RODOVIARIO;BASE SECUNDARIA;VILHENA;RO;C;D
BASE SECUNDARIA;SANTAREM;PA;HIDROVIARIO;BASE SECUNDARIA;ITAITUBA;PA;C;D
BASE SECUNDARIA;PORTO VELHO;RO;RODOVIARIO;BASE SECUNDARIA;SINOP;MT;C;D
BASE SECUNDARIA;PORTO VELHO;RO;RODOVIARIO;BASE SECUNDARIA;CUIABA;MT;C;D
BASE SECUNDARIA;PORTO VELHO;RO;RODOVIARIO;BASE SECUNDARIA;VARZEA GRANDE;MT;C;D
BASE SECUNDARIA;PORTO VELHO;RO;RODOVIARIO;BASE SECUNDARIA;VARZEA GRANDE;MT;C;D
BASE SECUNDARIA;PORTO VELHO;RO;RODOVIARIO;BASE SECUNDARIA;RIO BRANCO;AC;C;D
BASE SECUNDARIA;CARACARAI;RO;HIDROVIARIO;BASE SECUNDARIA;BOA VISTA;RO;C;D
BASE SECUNDARIA;CRUZEIRO DO SUL;AC;RODOVIARIO;BASE SECUNDARIA;SENADOR GUIOMARD;AC;C;D
BASE SECUNDARIA;PORTO VELHO;RO;RODOVIARIO;BASE SECUNDARIA;VARZEA GRANDE;MT;C;D
BASE SECUNDARIA;PORTO VELHO;RO;RODOVIARIO;BASE SECUNDARIA;RIO BRANCO;AC;C;D
BASE SECUNDARIA;ALTO TAQUARI;MT;FERROVIARIO;BASE SECUNDARIA;RONDONOPOLIS;MT;C;D
BASE SECUNDARIA;BAURU;SP;FERROVIARIO;BASE SECUNDARIA;PRESIDENTE PRUDENTE;SP;C;D
BASE PRIMARIA/TERMINAL;UBERABA;MG;DUTOVIARIO;BASE PRIMARIA/TERMINAL;UBERLANDIA;MG;C;D
BASE PRIMARIA/TERMINAL;UBERABA;MG;DUTOVIARIO;BASE PRIMARIA/TERMINAL;UBERLANDIA;MG;C;D
BASE PRIMARIA/TERMINAL;BARUERI;SP;DUTOVIARIO;BASE PRIMARIA/TERMINAL;SAO CAETANO DO SUL;SP;C;D
BASE PRIMARIA/TERMINAL;BARUERI;SP;DUTOVIARIO;BASE PRIMARIA/TERMINAL;SAO CAETANO DO SUL;SP;C;D
BASE SECUNDARIA;ALTO TAQUARI;MT;FERROVIARIO;BASE SECUNDARIA;RONDONOPOLIS;MT;C;D
BASE PRIMARIA/TERMINAL;UBERABA;MG;RODOVIARIO;BASE SECUNDARIA;PASSOS;MG;C;D
BASE PRIMARIA/TERMINAL;UBERABA;MG;DUTOVIARIO;BASE PRIMARIA/TERMINAL;UBERLANDIA;MG;C;D
BASE PRIMARIA/TERMINAL;UBERABA;MG;DUTOVIARIO;BASE PRIMARIA/TERMINAL;UBERLANDIA;MG;C;D
BASE PRIMARIA/TERMINAL;UBERABA;MG;DUTOVIARIO;BASE PRIMARIA/TERMINAL;UBERLANDIA;MG;C;D
BASE PRIMARIA/TERMINAL;UBERABA;MG;DUTOVIARIO;BASE PRIMARIA/TERMINAL;UBERLANDIA;MG;C;D
BASE PRIMARIA/TERMINAL;ALTO TAQUARI;MT;FERROVIARIO;BASE SECUNDARIA;RONDONOPOLIS;MT;C;D
BASE PRIMARIA/TERMINAL;SAO CAETANO DO SUL;SP;RODOVIARIO;BASE SECUNDARIA;OURINHOS;SP;C;D
BASE PRIMARIA/TERMINAL;SAO CAETANO DO SUL;SP;DUTOVIARIO;BASE PRIMARIA/TERMINAL;SAO PAULO;SP;C;D
BASE PRIMARIA/TERMINAL;SAO PAULO;SP;RODOVIARIO;BASE SECUNDARIA;OURINHOS;SP;C;D
BASE PRIMARIA/TERMINAL;SAO CAETANO DO SUL;SP;DUTOVIARIO;BASE PRIMARIA/TERMINAL;SAO PAULO;SP;C;D
BASE PRIMARIA/TERMINAL;UBERABA;MG;DUTOVIARIO;BASE PRIMARIA/TERMINAL;SAO PAULO;SP;C;D
BASE SECUNDARIA;LONDRINA;PR;FERROVIARIO;BASE SECUNDARIA;OURINHOS;SP;C;D
BASE SECUNDARIA;MARINGA;PR;FERROVIARIO;BASE SECUNDARIA;SARANDI;PR;C;D
BASE PRIMARIA/TERMINAL;GUARAMIRIM;SC;DUTOVIARIO;BASE PRIMARIA/TERMINAL;ITAJAI;SC;C;D
BASE SECUNDARIA;CIANORTE;PR;FERROVIARIO;BASE SECUNDARIA;CASCAVEL;PR;C;D
BASE SECUNDARIA;IGUATEMI;MS;FERROVIARIO;BASE SECUNDARIA;OURINHOS;SP;C;D
BASE SECUNDARIA;LONDRINA;PR;FERROVIARIO;BASE SECUNDARIA;SARANDI;PR;C;D
BASE SECUNDARIA;PASSO FUNDO;RS;RODOVIARIO;BASE SECUNDARIA;IRANI;SC;C;D
BASE SECUNDARIA;PASSO FUNDO;RS;RODOVIARIO;BASE SECUNDARIA;LAGES;SC;C;D
BASE SECUNDARIA;PASSO FUNDO;RS;RODOVIARIO;BASE SECUNDARIA;CHAPECO;SC;C;D
BASE SECUNDARIA;MARABA;PA;FERROVIARIO;BASE SECUNDARIA;PORTO NACIONAL;TO;D;E
BASE SECUNDARIA;VARZEA GRANDE;MT;RODOVIARIO;BASE SECUNDARIA;SINOP;MT;D;E
BASE SECUNDARIA;VARZEA GRANDE;MT;RODOVIARIO;BASE SECUNDARIA;CUIABA;MT;D;E
BASE SECUNDARIA;VARZEA GRANDE;MT;RODOVIARIO;BASE SECUNDARIA;CUIABA;MT;D;E
BASE SECUNDARIA;RIO BRANCO;AC;RODOVIARIO;BASE SECUNDARIA;SENADOR GUIOMARD;AC;D;E
BASE SECUNDARIA;RONDONOPOLIS;MT;RODOVIARIO;BASE SECUNDARIA;CUIABA;MT;D;E
BASE PRIMARIA/TERMINAL;UBERLANDIA;MG;DUTOVIARIO;BASE PRIMARIA/TERMINAL;SENADOR CANEDO;GO;D;E
BASE PRIMARIA/TERMINAL;UBERLANDIA;MG;DUTOVIARIO;BASE PRIMARIA/TERMINAL;SENADOR CANEDO;GO;D;E
BASE PRIMARIA/TERMINAL;SAO CAETANO DO SUL;SP;DUTOVIARIO;BASE PRIMARIA/TERMINAL;SAO PAULO;SP;D;E
BASE PRIMARIA/TERMINAL;SAO CAETANO DO SUL;SP;DUTOVIARIO;BASE PRIMARIA/TERMINAL;GUARULHOS;SP;D;E
BASE SECUNDARIA;RONDONOPOLIS;MT;RODOVIARIO;BASE SECUNDARIA;VARZEA GRANDE;MT;D;E
BASE PRIMARIA/TERMINAL;UBERLANDIA;MG;DUTOVIARIO;BASE PRIMARIA/TERMINAL;SENADOR CANEDO;GO;D;E
BASE PRIMARIA/TERMINAL;UBERLANDIA;MG;DUTOVIARIO;BASE PRIMARIA/TERMINAL;SENADOR CANEDO;GO;D;E
BASE PRIMARIA/TERMINAL;UBERLANDIA;MG;DUTOVIARIO;BASE PRIMARIA/TERMINAL;SENADOR CANEDO;GO;D;E
BASE PRIMARIA/TERMINAL;UBERLANDIA;MG;DUTOVIARIO;BASE PRIMARIA/TERMINAL;SENADOR CANEDO;GO;D;E
BASE SECUNDARIA;RONDONOPOLIS;MT;DUTOVIARIO;BASE SECUNDARIA;VILHENA;RO;D;E
BASE PRIMARIA/TERMINAL;SAO PAULO;SP;RODOVIARIO;BASE SECUNDARIA;OURINHOS;SP;D;E
BASE PRIMARIA/TERMINAL;SAO PAULO;SP;RODOVIARIO;BASE SECUNDARIA;OURINHOS;SP;D;E
BASE PRIMARIA/TERMINAL;SAO PAULO;SP;RODOVIARIO;BASE SECUNDARIA;OURINHOS;SP;D;E
BASE PRIMARIA/TERMINAL;ITAJAI;SC;DUTOVIARIO;BASE PRIMARIA/TERMINAL;BIGUACU;SC;D;E
BASE SECUNDARIA;LAGES;SC;RODOVIARIO;BASE SECUNDARIA;ICARA;SC;D;E
BASE SECUNDARIA;CUIABA;MT;RODOVIARIO;BASE SECUNDARIA;SINOP;MT;E;F
BASE SECUNDARIA;CUIABA;MT;RODOVIARIO;BASE SECUNDARIA;SINOP;MT;E;F
BASE PRIMARIA/TERMINAL;SENADOR CANEDO;GO;DUTOVIARIO;BASE PRIMARIA/TERMINAL;BRASILIA;DF;E;F
BASE PRIMARIA/TERMINAL;SENADOR CANEDO;GO;DUTOVIARIO;BASE PRIMARIA/TERMINAL;GOIANIA;GO;E;F
BASE PRIMARIA/TERMINAL;SAO PAULO;SP;RODOVIARIO;BASE SECUNDARIA;OURINHOS;SP;E;F
BASE PRIMARIA/TERMINAL;SENADOR CANEDO;GO;RODOVIARIO;BASE SECUNDARIA;BARRA DO GARCAS;MT;E;F
BASE PRIMARIA/TERMINAL;SENADOR CANEDO;GO;RODOVIARIO;BASE SECUNDARIA;BARRO ALTO;GO;E;F
BASE PRIMARIA/TERMINAL;SENADOR CANEDO;GO;RODOVIARIO;BASE SECUNDARIA;GURUPI;TO;E;F
BASE PRIMARIA/TERMINAL;SENADOR CANEDO;GO;RODOVIARIO;BASE SECUNDARIA;NIQUELANDIA;GO;E;F
BASE SECUNDARIA;VILHENA;RO;RODOVIARIO;BASE SECUNDARIA;PORTO VELHO;RO;E;F
