,position,postos,custo_gasolina,desvio_gasolina,postos_preco,custo_diesel,desvio_diesel
REFI SAO FRANCISCO DO CONDE,"(-38.6786, -12.6183)",,,,,,
REFI CANDEIAS,"(-38.5472, -12.6716)",,,,,,
REFI ITABUNA,"(-39.2781, -14.7876)",,,,,,
REFI JEQUIE,"(-40.0877, -13.8509)",,,,,,
REFI BARREIRAS,"(-44.9968, -12.1439)",,,,,,
REFI CAMACARI,"(-38.3263, -12.6996)",,,,,,
REFI LARANJEIRAS,"(-37.1731, -10.7981)",,,,,,
REFI JUAZEIRO,"(-40.5033, -9.41622)",,,,,,
REFI MONTES CLAROS,"(-43.8578, -16.7282)",,,,,,
REFI TEIXEIRA DE FREITAS,"(-39.74, -17.5399)",,,,,,
DIST JEQUIE,"(-40.0877, -13.8509)",,,,,,
REFI LUIS EDUARDO MAGALHAES,"(-45.7866, -12.0956)",,,,,,
DIST CAMACARI,"(-38.3263, -12.6996)",,,,,,
REFI FORTALEZA,"(-38.5423, -3.71664)",,,,,,
REFI MARACANAU,"(-38.6259, -3.86699)",,,,,,
REFI IPOJUCA,"(-35.0609, -8.39303)",,,,,,
REFI CRATO,"(-39.4103, -7.2153)",,,,,,
REFI CHA DE ALEGRIA,"(-35.204, -8.00679)",,,,,,
REFI CABEDELO,"(-34.8284, -6.98731)",,,,,,
DIST CRATO,"(-39.4103, -7.2153)",,,,,,
REFI GUAMARE,"(-36.3222, -5.10619)",,,,,,
REFI NATAL,"(-35.1986, -5.79357)",,,,,,
DIST NATAL,"(array([-35.1986]), array([-5.79357]))",,,,,,
REFI SAO LUIS,"(-44.2825, -2.53874)",,,,,,
REFI ACAILANDIA,"(-47.5004, -4.94714)",,,,,,
REFI TERESINA,"(-42.8034, -5.09194)",,,,,,
REFI MANAUS,"(-60.0212, -3.11866)",,,,,,
REFI ITACOATIARA,"(-58.4449, -3.13861)",,,,,,
REFI BELEM,"(-48.4898, -1.4554)",,,,,,
REFI PORTO VELHO,"(-63.8999, -8.76077)",,,,,,
REFI CRUZEIRO DO SUL,"(-72.6756, -7.62762)",,,,,,
REFI CARACARAI,"(nan, nan)",,,,,,
REFI ARACARAI,"(nan, nan)",,,,,,
REFI SANTAREM,"(-54.6996, -2.43849)",,,,,,
DIST ITACOATIARA,"(-58.4449, -3.13861)",,,,,,
REFI VILHENA,"(-60.1488, -12.7502)",,,,,,
REFI SINOP,"(-55.5091, -11.8604)",,,,,,
REFI CUIABA,"(-56.0974, -15.601)",,,,,,
REFI VARZEA GRANDE,"(-56.1322, -15.6458)",,,,,,
REFI RIO BRANCO,"(-67.8243, -9.97499)",,,,,,
DIST PORTO VELHO,"(array([-63.8999]), array([-8.76077]))",,,,,,
REFI MACAPA,"(-51.0694, 0.034934)",,,,,,
REFI BETIM,"(-44.2008, -19.9668)",,,,,,
REFI VITORIA,"(-40.3128, -20.3155)",,,,,,
REFI RIO DE JANEIRO,"(-43.2003, -22.9129)",,,,,,
REFI ARUJA,"(-46.32, -23.3965)",,,,,,
REFI BARRA MANSA,"(-44.1752, -22.5481)",,,,,,
DIST ARUJA,"(array([-46.32]), array([-23.3965]))",,,,,,
DIST BARRA MANSA,"(array([-44.1752]), array([-22.5481]))",,,,,,
DIST VITORIA,"(-40.3128, -20.3155)",,,,,,
REFI DUQUE DE CAXIAS,"(-43.3049, -22.7858)",,,,,,
REFI PAULINIA,"(-47.1488, -22.7542)",,,,,,
REFI GUARAREMA,"(-46.0369, -23.4112)",,,,,,
REFI RIBEIRAO PRETO,"(-47.8099, -21.1699)",,,,,,
REFI ALTO TAQUARI,"(-53.2792, -17.8241)",,,,,,
REFI BAURU,"(-49.0871, -22.3246)",,,,,,
REFI BARUERI,"(-46.879, -23.5057)",,,,,,
REFI CAMPO GRANDE,"(-54.6295, -20.4486)",,,,,,
DIST PAULINIA,"(-47.1488, -22.7542)",,,,,,
REFI SAO JOSE DOS CAMPOS,"(-45.8841, -23.1896)",,,,,,
REFI GUARULHOS,"(-46.5333, -23.4538)",,,,,,
REFI UBERABA,"(-47.9381, -19.7472)",,,,,,
REFI ARACATUBA,"(-50.4401, -21.2076)",,,,,,
REFI SANTOS,"(-46.335, -23.9535)",,,,,,
REFI SAO CAETANO DO SUL,"(-46.5548, -23.6229)",,,,,,
REFI CUBATAO,"(-46.424, -23.8911)",,,,,,
REFI SAO PAULO,"(-46.6395, -23.5329)",,,,,,
REFI OURINHOS,"(-49.8697, -22.9797)",,,,,,
DIST SAO JOSE DOS CAMPOS,"(-45.8841, -23.1896)",,,,,,
DIST GUARULHOS,"(-46.5333, -23.4538)",,,,,,
REFI ARAUCARIA,"(-49.4047, -25.5859)",,,,,,
REFI CASCAVEL,"(-53.459, -24.9573)",,,,,,
REFI LONDRINA,"(-51.1691, -23.304)",,,,,,
REFI MARINGA,"(-51.9333, -23.4205)",,,,,,
REFI GUARAMIRIM,"(-49.0026, -26.4688)",,,,,,
REFI ASSIS CHATEAUBRIAND,"(-53.5213, -24.4168)",,,,,,
REFI CAMPO LARGO,"(-49.529, -25.4525)",,,,,,
REFI CIANORTE,"(-52.6054, -23.6599)",,,,,,
REFI GUARAPUAVA,"(-51.4623, -25.3902)",,,,,,
REFI IGUATEMI,"(-54.5637, -23.6736)",,,,,,
REFI NOVA ESPERANCA,"(-52.2031, -23.182)",,,,,,
REFI PINHAIS,"(-49.1927, -25.4429)",,,,,,
REFI PONTA GROSSA,"(-50.1668, -25.0916)",,,,,,
REFI RENASCENCA,"(-52.9703, -26.1588)",,,,,,
REFI SAO MATEUS DO SUL,"(-50.384, -25.8677)",,,,,,
REFI UMUARAMA,"(-53.3201, -23.7656)",,,,,,
REFI PARANAGUA,"(-48.5225, -25.5161)",,,,,,
REFI CANOAS,"(-51.1857, -29.9128)",,,,,,
REFI ESTEIO,"(-51.1841, -29.852)",,,,,,
REFI SANTA MARIA,"(-53.8149, -29.6868)",,,,,,
REFI PASSO FUNDO,"(-52.4091, -28.2576)",,,,,,
REFI TUBARAO,"(-49.0144, -28.4713)",,,,,,
DIST CANOAS,"(-51.1857, -29.9128)",,,,,,
REFI CRUZ ALTA,"(-53.6048, -28.645)",,,,,,
REFI IJUI,"(-53.92, -28.388)",,,,,,
DIST ESTEIO,"(-51.1841, -29.852)",,,,,,
DIST SANTA MARIA,"(-53.8149, -29.6868)",,,,,,
REFI RIO GRANDE,"(-52.1071, -32.0349)",,,,,,
REFI LAGES,"(-50.3259, -27.815)",,,,,,
REFI ICARA,"(-49.3087, -28.7132)",,,,,,
DIST TUBARAO,"(-49.0144, -28.4713)",,,,,,
DIST LAGES,"(-50.3259, -27.815)",,,,,,
DIST ICARA,"(array([-49.3087]), array([-28.7132]))",,,,,,
REFI TRIUNFO,"(-51.7075, -29.9291)",,,,,,
DIST JUAZEIRO,"(-40.5033, -9.41622)",,,,,,
DIST MONTES CLAROS,"(-43.8578, -16.7282)",,,,,,
DIST TEIXEIRA DE FREITAS,"(array([-39.74]), array([-17.5399]))",,,,,,
DIST LARANJEIRAS,"(-37.1731, -10.7981)",,,,,,
DIST LUIS EDUARDO MAGALHAES,"(-45.7866, -12.0956)",,,,,,
DIST MARACANAU,"(-38.6259, -3.86699)",,,,,,
DIST CHA DE ALEGRIA,"(-35.204, -8.00679)",,,,,,
DIST CABEDELO,"(-34.8284, -6.98731)",,,,,,
REFI MARABA,"(-49.1327, -5.38075)",,,,,,
DIST TERESINA,"(array([-42.8034]), array([-5.09194]))",,,,,,
REFI ITAITUBA,"(-55.9926, -4.2667)",,,,,,
REFI SENADOR GUIOMARD,"(-67.7362, -10.1497)",,,,,,
DIST CRUZEIRO DO SUL,"(array([-72.6756]), array([-7.62762]))",,,,,,
REFI BOA VISTA,"(nan, nan)",,,,,,
DIST VILHENA,"(-60.1488, -12.7502)",,,,,,
DIST MACAPA,"(array([-51.0694]), array([0.034934]))",,,,,,
REFI RONDONOPOLIS,"(-54.6372, -16.4673)",,,,,,
REFI PRESIDENTE PRUDENTE,"(-51.3925, -22.1207)",,,,,,
REFI UBERLANDIA,"(-48.2749, -18.9141)",,,,,,
REFI PASSOS,"(-46.609, -20.7193)",,,,,,
DIST VARZEA GRANDE,"(array([-56.1322]), array([-15.6458]))",,,,,,
DIST ARACATUBA,"(-50.4401, -21.2076)",,,,,,
DIST CAMPO GRANDE,"(-54.6295, -20.4486)",,,,,,
DIST CASCAVEL,"(-53.459, -24.9573)",,,,,,
REFI SARANDI,"(-51.876, -23.4441)",,,,,,
DIST MARINGA,"(-51.9333, -23.4205)",,,,,,
REFI ITAJAI,"(-48.6705, -26.9101)",,,,,,
DIST ASSIS CHATEAUBRIAND,"(array([-53.5213]), array([-24.4168]))",,,,,,
DIST CAMPO LARGO,"(array([-49.529]), array([-25.4525]))",,,,,,
DIST GUARAPUAVA,"(-51.4623, -25.3902)",,,,,,
DIST NOVA ESPERANCA,"(array([-52.2031]), array([-23.182]))",,,,,,
DIST PINHAIS,"(-49.1927, -25.4429)",,,,,,
DIST PONTA GROSSA,"(array([-50.1668]), array([-25.0916]))",,,,,,
DIST RENASCENCA,"(-52.9703, -26.1588)",,,,,,
DIST SAO MATEUS DO SUL,"(array([-50.384]), array([-25.8677]))",,,,,,
DIST UMUARAMA,"(-53.3201, -23.7656)",,,,,,
DIST CRUZ ALTA,"(-53.6048, -28.645)",,,,,,
DIST IJUI,"(-53.92, -28.388)",,,,,,
REFI IRANI,"(-51.9012, -27.0287)",,,,,,
REFI CHAPECO,"(-52.6152, -27.1004)",,,,,,
REFI PORTO NACIONAL,"(-48.408, -10.7027)",,,,,,
DIST MARABA,"(array([-49.1327]), array([-5.38075]))",,,,,,
DIST ITAITUBA,"(array([-55.9926]), array([-4.2667]))",,,,,,
DIST SINOP,"(-55.5091, -11.8604)",,,,,,
DIST CUIABA,"(-56.0974, -15.601)",,,,,,
DIST RIO BRANCO,"(-67.8243, -9.97499)",,,,,,
DIST BOA VISTA,"(array([-49.5249]), array([-1.71597]))",,,,,,
DIST SENADOR GUIOMARD,"(array([-67.7362]), array([-10.1497]))",,,,,,
DIST PRESIDENTE PRUDENTE,"(-51.3925, -22.1207)",,,,,,
REFI SENADOR CANEDO,"(-49.0914, -16.7084)",,,,,,
DIST PASSOS,"(array([-46.609]), array([-20.7193]))",,,,,,
DIST OURINHOS,"(-49.8697, -22.9797)",,,,,,
DIST SARANDI,"(-51.876, -23.4441)",,,,,,
REFI BIGUACU,"(-48.6598, -27.496)",,,,,,
DIST IRANI,"(array([-51.9012]), array([-27.0287]))",,,,,,
DIST CHAPECO,"(array([-52.6152]), array([-27.1004]))",,,,,,
DIST PORTO NACIONAL,"(-48.408, -10.7027)",,,,,,
REFI BRASILIA,"(-47.9297, -15.7795)",,,,,,
REFI GOIANIA,"(-49.2643, -16.6864)",,,,,,
REFI BARRA DO GARCAS,"(-52.264, -15.8804)",,,,,,
REFI BARRO ALTO,"(-48.9086, -14.9658)",,,,,,
REFI GURUPI,"(-49.068, -11.7279)",,,,,,
REFI NIQUELANDIA,"(-48.4599, -14.4662)",,,,,,
DIST BIGUACU,"(-48.6598, -27.496)",,,,,,
DIST BRASILIA,"(-47.9297, -15.7795)",,,,,,
DIST GOIANIA,"(-49.2643, -16.6864)",,,,,,
DIST BARRA DO GARCAS,"(array([-52.264]), array([-15.8804]))",,,,,,
DIST BARRO ALTO,"(array([-48.9086]), array([-14.9658]))",,,,,,
DIST GURUPI,"(-49.068, -11.7279)",,,,,,
DIST NIQUELANDIA,"(array([-48.4599]), array([-14.4662]))",,,,,,
DIST UBERLANDIA,"(-48.2749, -18.9141)",,,,,,
DIST RIBEIRAO PRETO,"(-47.8099, -21.1699)",,,,,,
CONS BRASILIA,"(-47.9297, -15.7795)",342.0,7.478,0.273,226.0,7.183,0.411
CONS UBERLANDIA,"(-48.2749, -18.9141)",58.0,7.312,0.17,155.0,7.127,0.401
DIST SANTO ANDRE,"(-46.5432, -23.6737)",,,,,,
DIST BARUERI,"(-46.879, -23.5057)",,,,,,
DIST BAURU,"(-49.0871, -22.3246)",,,,,,
DIST SAO PAULO,"(-46.6395, -23.5329)",,,,,,
DIST CUBATAO,"(-46.424, -23.8911)",,,,,,
DIST JARDINOPOLIS,"(-47.7606, -21.0176)",,,,,,
CONS RIBEIRAO PRETO,"(-47.8099, -21.1699)",4.0,6.806,0.212,133.0,7.044,0.408
DIST CABO DE SANTO AGOSTINHO,"(-35.0253, -8.28218)",,,,,,
DIST SAO FRANCISCO DO CONDE,"(-38.6786, -12.6183)",,,,,,
DIST SENADOR CANEDO,"(-49.0914, -16.7084)",,,,,,
DIST BELEM,"(-48.4898, -1.4554)",,,,,,
DIST CANDEIAS,"(-38.5472, -12.6716)",,,,,,
DIST RIO GRANDE,"(-52.1071, -32.0349)",,,,,,
DIST VILA VELHA,"(-40.2875, -20.3417)",,,,,,
DIST SERRA,"(-40.3074, -20.121)",,,,,,
DIST CORONEL BARROS,"(-54.0686, -28.3921)",,,,,,
DIST FEIRA DE SANTANA,"(-38.9663, -12.2664)",,,,,,
CONS CHA DE ALEGRIA,"(array([-35.204]), array([-8.00679]))",,,,,,
DIST PARANAGUA,"(-48.5225, -25.5161)",,,,,,
DIST LONDRINA,"(-51.1691, -23.304)",,,,,,
DIST ARAUCARIA,"(-49.4047, -25.5859)",,,,,,
CONS PAULINIA,"(array([-47.1488]), array([-22.7542]))",,6.759,0.127,67.0,6.976,0.375
DIST BETIM,"(-44.2008, -19.9668)",,,,,,
DIST FORTALEZA,"(-38.5423, -3.71664)",,,,,,
CONS SAO PAULO,"(-46.6395, -23.5329)",8.0,6.882,0.474,686.0,6.965,0.435
DIST LAJEADO,"(-51.9644, -29.4591)",,,,,,
DIST NOSSA SENHORA DO SOCORRO,"(-37.1231, -10.8468)",,,,,,
CONS LARANJEIRAS,"(array([-37.1731]), array([-10.7981]))",,,,,,
DIST SAO LUIS,"(-44.2825, -2.53874)",,,,,,
DIST ACAILANDIA,"(-47.5004, -4.94714)",,,,,,
DIST PEDREIRAS,"(-44.6006, -4.56482)",,,,,,
CONS SAO LUIS,"(-44.2825, -2.53874)",153.0,6.972,0.143,215.0,7.025,0.354
CONS BELEM,"(-48.4898, -1.4554)",5.0,7.134,0.136,85.0,,
CONS PORTO NACIONAL,"(array([-48.408]), array([-10.7027]))",,7.569,0.169,23.0,7.276,0.369
DIST RIO DE JANEIRO,"(-43.2003, -22.9129)",,,,,,
DIST DUQUE DE CAXIAS,"(-43.3049, -22.7858)",,,,,,
CONS DUQUE DE CAXIAS,"(array([-43.3049]), array([-22.7858]))",,7.613,0.201,90.0,6.994,0.349
CONS RIO GRANDE,"(-52.1071, -32.0349)",3.0,6.874,0.164,67.0,7.22,0.401
CONS RENASCENCA,"(array([-52.9703]), array([-26.1588]))",,,,,,
DIST CIANORTE,"(-52.6054, -23.6599)",,,,,,
CONS ARAUCARIA,"(array([-49.4047]), array([-25.5859]))",,7.183,0.212,40.0,6.965,0.348
CONS BARUERI,"(-46.879, -23.5057)",34.0,7.006,0.459,85.0,6.99,0.283
DIST GUAMARE,"(-36.3222, -5.10619)",,,,,,
DIST PARNAMIRIM,"(-35.271, -5.91116)",,,,,,
CONS GUAMARE,"(array([-36.3222]), array([-5.10619]))",,,,,,
CONS PARNAMIRIM,"(-39.5795, -8.08729)",35.0,7.494,0.229,49.0,7.509,0.358
CONS SAO JOSE DOS CAMPOS,"(-45.8841, -23.1896)",129.0,6.578,0.19,68.0,6.887,0.404
CONS SENADOR CANEDO,"(array([-49.0914]), array([-16.7084]))",,,,,,
DIST PASSO FUNDO,"(-52.4091, -28.2576)",,,,,,
CONS PASSO FUNDO,"(-52.4091, -28.2576)",39.0,6.973,0.138,45.0,7.004,0.404
CONS GUARULHOS,"(-46.5333, -23.4538)",62.0,6.87,0.235,100.0,6.965,0.351
CONS CRUZ ALTA,"(-53.6048, -28.645)",22.0,7.234,0.106,45.0,6.928,0.377
DIST TRIUNFO,"(-51.7075, -29.9291)",,,,,,
CONS TRIUNFO,"(array([-51.7075]), array([-29.9291]))",,,,,,
CONS LAGES,"(array([-50.3259]), array([-27.815]))",,7.293,0.232,45.0,7.067,0.368
DIST CHOROZINHO,"(-38.4986, -4.28873)",,,,,,
CONS FORTALEZA,"(-38.5423, -3.71664)",321.0,7.46,0.326,505.0,7.546,0.359
CONS CUBATAO,"(array([-46.424]), array([-23.8911]))",,7.365,0.231,24.0,7.403,0.394
CONS MARINGA,"(-51.9333, -23.4205)",85.0,7.266,0.195,68.0,6.96,0.463
CONS SAO FRANCISCO DO CONDE,"(array([-38.6786]), array([-12.6183]))",,,,,,
CONS CANDEIAS,"(array([-38.5472]), array([-12.6716]))",,,,,,
CONS CORONEL BARROS,"(array([-54.0686]), array([-28.3921]))",,,,,,
DIST MONTENEGRO,"(-51.4679, -29.6824)",,,,,,
CONS CANOAS,"(-51.1857, -29.9128)",21.0,6.606,0.16,85.0,6.778,0.357
DIST GUARAMIRIM,"(-49.0026, -26.4688)",,,,,,
DIST JARAGUA DO SUL,"(-49.0713, -26.4851)",,,,,,
DIST ITAJAI,"(-48.6705, -26.9101)",,,,,,
DIST BRUSQUE,"(-48.9107, -27.0977)",,,,,,
CONS GUARAMIRIM,"(array([-49.0026]), array([-26.4688]))",,,,,,
CONS TUBARAO,"(array([-49.0144]), array([-28.4713]))",,6.808,0.162,40.0,7.017,0.376
CONS BAURU,"(-49.0871, -22.3246)",5.0,6.754,0.27,107.0,6.983,0.382
CONS LAJEADO,"(-48.3565, -9.74996)",2.0,6.835,0.128,24.0,6.687,0.362
DIST RECIFE,"(-34.8771, -8.04666)",,,,,,
CONS JARDINOPOLIS,"(array([-47.7606]), array([-21.0176]))",,,,,,
CONS SARANDI,"(array([-51.876]), array([-23.4441]))",,,,,,
CONS CASCAVEL,"(-53.459, -24.9573)",24.0,7.225,0.217,66.0,7.07,0.371
CONS PRESIDENTE PRUDENTE,"(-51.3925, -22.1207)",6.0,6.898,0.217,86.0,7.244,0.363
CONS IJUI,"(array([-53.92]), array([-28.388]))",,7.021,0.148,29.0,7.154,0.372
DIST IPOJUCA,"(-35.0609, -8.39303)",,,,,,
DIST GOIANESIA,"(-49.1162, -15.3118)",,,,,,
DIST MANAUS,"(-60.0212, -3.11866)",,,,,,
CONS MANAUS,"(-60.0212, -3.11866)",306.0,7.272,0.183,164.0,7.174,0.403
CONS FEIRA DE SANTANA,"(-38.9663, -12.2664)",114.0,7.811,0.247,90.0,7.569,0.361
CONS ITAJAI,"(array([-48.6705]), array([-26.9101]))",,7.027,0.118,35.0,7.34,0.563
CONS BRUSQUE,"(array([-48.9107]), array([-27.0977]))",,7.272,0.109,40.0,7.245,0.399
DIST CURITIBA,"(-49.2646, -25.4195)",,,,,,
CONS SANTA MARIA,"(-53.8149, -29.6868)",3.0,7.215,0.2,40.0,7.258,0.447
CONS LONDRINA,"(-51.1691, -23.304)",4.0,7.212,0.317,84.0,7.138,0.305
CONS JARAGUA DO SUL,"(array([-49.0713]), array([-26.4851]))",,6.861,0.261,56.0,7.15,0.45
CONS LUIS EDUARDO MAGALHAES,"(-45.7866, -12.0956)",33.0,,,,,
CONS ESTEIO,"(array([-51.1841]), array([-29.852]))",,6.687,0.223,45.0,6.83,0.419
CONS CABEDELO,"(-34.8284, -6.98731)",5.0,7.159,0.111,22.0,7.166,0.679
CONS VITORIA,"(-40.3128, -20.3155)",46.0,7.344,0.164,83.0,7.102,0.459
CONS PINHAIS,"(array([-49.1927]), array([-25.4429]))",,7.275,0.226,40.0,7.153,0.383
CONS GOIANIA,"(-49.2643, -16.6864)",10.0,7.341,0.255,218.0,7.111,0.413
CONS JUAZEIRO,"(-40.5033, -9.41622)",46.0,8.14,0.152,40.0,7.66,0.408
CONS OURINHOS,"(-49.8697, -22.9797)",13.0,6.851,0.397,75.0,7.12,0.434
CONS NOSSA SENHORA DO SOCORRO,"(array([-37.1231]), array([-10.8468]))",,7.354,0.116,43.0,7.357,0.502
CONS BETIM,"(array([-44.2008]), array([-19.9668]))",,7.435,0.145,44.0,7.112,0.375
CONS ARACATUBA,"(array([-50.4401]), array([-21.2076]))",,6.89,0.266,113.0,7.12,0.379
CONS GUARAPUAVA,"(-51.4623, -25.3902)",5.0,6.583,0.21,69.0,6.949,0.407
DIST SANTOS,"(-46.335, -23.9535)",,,,,,
DIST SAO JOSE DO RIO PRETO,"(-49.3758, -20.8113)",,,,,,
DIST SALVADOR,"(-38.5011, -12.9718)",,,,,,
CONS SAO JOSE DO RIO PRETO,"(array([-49.3758]), array([-20.8113]))",,6.735,0.155,114.0,7.006,0.364
CONS VILA VELHA,"(array([-40.2875]), array([-20.3417]))",,7.319,0.172,62.0,6.901,0.389
DIST ARAXA,"(-46.9438, -19.5902)",,,,,,
CONS SERRA,"(-40.3074, -20.121)",20.0,7.195,0.127,57.0,6.923,0.407
DIST SAO LUIS GONZAGA DO MARANHAO,"(-44.6654, -4.38541)",,,,,,
CONS JEQUIE,"(-40.0877, -13.8509)",40.0,7.858,0.104,45.0,7.858,0.495
DIST VITORIA DE SANTO ANTAO,"(-35.2976, -8.12819)",,,,,,
CONS MONTES CLAROS,"(-43.8578, -16.7282)",4.0,7.402,0.203,66.0,7.024,0.408
CONS MARACANAU,"(array([-38.6259]), array([-3.86699]))",,7.296,0.357,50.0,7.53,0.339
CONS ACAILANDIA,"(array([-47.5004]), array([-4.94714]))",,7.435,0.157,40.0,7.311,0.392
CONS CRATO,"(array([-39.4103]), array([-7.2153]))",,7.734,0.107,49.0,7.579,0.311
DIST BARRETOS,"(-48.5698, -20.5531)",,,,,,
DIST SANTA HELENA DE GOIAS,"(-50.5977, -17.8115)",,,,,,
DIST NOSSA SENHORA DAS GRACAS,"(-51.7978, -22.9129)",,,,,,
CONS PEDREIRAS,"(array([-44.6006]), array([-4.56482]))",,,,,,
DIST MOSSORO,"(-37.3474, -5.18374)",,,,,,
DIST SANTA TEREZA DE GOIAS,"(-49.0144, -13.7138)",,,,,,
DIST ITAPACI,"(-49.5511, -14.9522)",,,,,,
DIST EDEIA,"(-49.9295, -17.3406)",,,,,,
CONS GURUPI,"(array([-49.068]), array([-11.7279]))",,7.526,0.143,44.0,7.285,0.315
DIST ITUMBIARA,"(-49.2158, -18.4093)",,,,,,
DIST OURIZONA,"(-52.1964, -23.4053)",,,,,,
DIST ITUIUTABA,"(-49.4639, -18.9772)",,,,,,
CONS UMUARAMA,"(-53.3201, -23.7656)",6.0,7.096,0.121,41.0,6.926,0.357
DIST EIRUNEPE,"(-69.8662, -6.65677)",,,,,,
DIST RONDONOPOLIS,"(-54.6372, -16.4673)",,,,,,
CONS CUIABA,"(array([-56.0974]), array([-15.601]))",,6.882,0.157,315.0,7.296,0.354
DIST RIO CLARO,"(-44.1419, -22.72)",,,,,,
DIST PEDRO GOMES,"(-54.5507, -18.0996)",,,,,,
CONS CAMPO GRANDE,"(-54.6295, -20.4486)",1.0,6.852,0.174,172.0,6.95,0.32
DIST CAARAPO,"(-54.8209, -22.6368)",,,,,,
DIST PATROCINIO PAULISTA,"(-47.2801, -20.6384)",,,,,,
DIST RIO BRANCO DO SUL,"(-49.3115, -25.1892)",,,,,,
DIST JUSSARA,"(-50.8668, -15.8659)",,,,,,
DIST PALMAS DE MONTE ALTO,"(-43.1609, -14.2676)",,,,,,
DIST RIO VERDE,"(-50.9192, -17.7923)",,,,,,
DIST ARAGUAINA,"(-48.2044, -7.19238)",,,,,,
DIST ARMACAO DOS BUZIOS,"(-41.8846, -22.7528)",,,,,,
DIST CABO FRIO,"(-42.0286, -22.8894)",,,,,,
DIST QUIXADA,"(-39.0155, -4.9663)",,,,,,
DIST PIRAJU,"(-49.3803, -23.1981)",,,,,,
CONS MONTENEGRO,"(-51.4679, -29.6824)",23.0,,,,,
DIST SAO SEBASTIAO DA BOA VISTA,"(-49.5249, -1.71597)",,,,,,
DIST PRATA,"(-48.9276, -19.3086)",,,,,,
DIST ANAPOLIS,"(-48.953, -16.3281)",,,,,,
DIST TUCURUI,"(-49.6773, -3.7657)",,,,,,
DIST PIRACANJUBA,"(-49.017, -17.302)",,,,,,
DIST ANASTACIO,"(-55.8104, -20.4823)",,,,,,
DIST BREU BRANCO,"(-49.5735, -3.77191)",,,,,,
DIST CAUCAIA,"(-38.6619, -3.72797)",,,,,,
DIST PAULO RAMOS,"(-45.2398, -4.44485)",,,,,,
DIST RANCHARIA,"(-50.893, -22.2269)",,,,,,
DIST RIACHAO DAS NEVES,"(-44.9143, -11.7508)",,,,,,
DIST SAO JOSE DE RIBAMAR,"(-44.0597, -2.54704)",,,,,,
DIST CAXIAS,"(-43.3617, -4.86505)",,,,,,
CONS CAXIAS,"(array([-43.3617]), array([-4.86505]))",,7.14,0.146,35.0,7.216,0.322
DIST RAUL SOARES,"(-42.4502, -20.1061)",,,,,,
DIST SIMOES FILHO,"(-38.4029, -12.7866)",,,,,,
DIST TARABAI,"(-51.5621, -22.3016)",,,,,,
DIST ITAPARICA,"(-38.68, -12.8932)",,,,,,
DIST PALHOCA,"(-48.6697, -27.6455)",,,,,,
DIST DAMOLANDIA,"(-49.3631, -16.2544)",,,,,,
DIST BENEDITO NOVO,"(-49.3593, -26.781)",,,,,,
DIST SAO BENTO DO SUL,"(-49.3831, -26.2495)",,,,,,
DIST BOM JESUS,"(nan, nan)",,,,,,
DIST BRAZABRANTES,"(-49.3863, -16.4281)",,,,,,
DIST LEOPOLDO DE BULHOES,"(-48.7428, -16.619)",,,,,,
DIST BAIANOPOLIS,"(-44.5388, -12.3016)",,,,,,
CONS SINOP,"(-55.5091, -11.8604)",43.0,7.12,0.181,47.0,7.487,0.414
DIST FLORIDA PAULISTA,"(-51.1724, -21.6127)",,,,,,
DIST COTRIGUACU,"(-58.4192, -9.85656)",,,,,,
CONS DIONISIO CERQUEIRA,"(-53.6351, -26.2648)",4.0,,,,,
CONS SAO MIGUEL DO OESTE,"(-53.5163, -26.7242)",4.0,,,,,
CONS GUARACIABA,"(-53.5243, -26.6042)",11.0,,,,,
CONS BARRACAO,"(-53.6324, -26.2502)",10.0,,,,,
CONS TANGARA,"(-51.2473, -27.0996)",16.0,,,,,
CONS CONCORDIA,"(-52.026, -27.2335)",8.0,7.426,0.172,30.0,7.386,0.333
CONS SAO JERONIMO,"(-51.7251, -29.9716)",6.0,,,,,
CONS CAMPOS NOVOS,"(-51.2276, -27.4002)",18.0,,,,,
CONS BARROS CASSAL,"(-52.5836, -29.0947)",2.0,,,,,
CONS VERA CRUZ,"(-52.5152, -29.7184)",2.0,,,,,
CONS VENANCIO AIRES,"(-52.1932, -29.6143)",10.0,,,,,
CONS IBIRUBA,"(-53.0961, -28.6302)",3.0,,,,,
CONS ENCANTADO,"(-51.8703, -29.2351)",6.0,,,,,
CONS MANCIO LIMA,"(-72.8997, -7.61657)",6.0,,,,,
CONS RODRIGUES ALVES,"(-72.661, -7.73864)",6.0,,,,,
CONS PORTO ACRE,"(-67.5478, -9.58138)",7.0,,,,,
CONS RIO BRANCO,"(-67.8243, -9.97499)",7.0,7.591,0.13,140.0,7.936,0.347
CONS ITACOATIARA,"(-58.4449, -3.13861)",306.0,7.872,0.129,48.0,8.005,0.438
CONS MORRO DO CHAPEU,"(-41.1565, -11.5488)",21.0,,,,,
CONS SEABRA,"(-41.7722, -12.4169)",9.0,,,,,
CONS PIRITIBA,"(-40.5587, -11.73)",21.0,,,,,
CONS QUIPAPA,"(-36.0137, -8.81175)",11.0,,,,,
CONS GARANHUNS,"(-36.4966, -8.88243)",5.0,7.2,0.197,48.0,7.29,0.566
CONS CORRENTES,"(-36.3244, -9.12117)",19.0,,,,,
CONS SAO JOSE DA LAJE,"(-36.0515, -9.01278)",3.0,,,,,
CONS XEXEU,"(-35.6212, -8.8046)",12.0,,,,,
CONS MACEIO,"(-35.735, -9.66599)",5.0,7.286,0.295,93.0,7.452,0.527
CONS EXU,"(-39.7238, -7.50364)",9.0,,,,,
CONS OURICURI,"(-40.08, -7.87918)",19.0,,,,,
CONS JUAZEIRO DO NORTE,"(-39.3076, -7.19621)",7.0,7.572,0.243,41.0,7.544,0.445
CONS FARIAS BRITO,"(-39.5651, -6.92146)",4.0,,,,,
CONS LAGOA GRANDE,"(-40.2767, -8.99452)",19.0,,,,,
CONS BURITICUPU,"(-46.4409, -4.32375)",19.0,,,,,
CONS ALTO PARNAIBA,"(-45.9303, -9.10273)",19.0,,,,,
CONS PALMARES,"(-35.589, -8.68423)",10.0,,,,,
CONS BARREIROS,"(-35.1832, -8.81605)",15.0,,,,,
CONS CARMO,"(-42.6046, -21.931)",4.0,,,,,
CONS NOVA FRIBURGO,"(-42.5377, -22.2932)",38.0,7.776,0.191,68.0,7.026,0.303
CONS TERESOPOLIS,"(-42.9752, -22.4165)",38.0,7.534,0.193,56.0,,
CONS SANTO ANTONIO DE PADUA,"(-42.1832, -21.541)",8.0,7.813,0.134,20.0,6.904,0.304
CONS ALEM PARAIBA,"(-42.7176, -21.8797)",3.0,,,,,
CONS SIMAO PEREIRA,"(-43.3088, -21.964)",15.0,,,,,
CONS VOLTA REDONDA,"(-44.0996, -22.5202)",4.0,7.893,0.151,28.0,7.188,0.429
CONS RESENDE,"(-44.4509, -22.4705)",4.0,7.731,0.129,54.0,7.105,0.317
CONS ITABORAI,"(-42.8639, -22.7565)",31.0,7.578,0.189,36.0,7.03,0.399
CONS CRUZEIRO DO SUL,"(-72.6756, -7.62762)",30.0,7.925,0.187,50.0,8.555,0.323
CONS ACRELANDIA,"(-66.8972, -9.82581)",30.0,,,,,
CONS PALMEIRANTE,"(-47.9242, -7.84786)",1.0,,,,,
CONS COUTO MAGALHAES,"(-49.2473, -8.28411)",1.0,,,,,
CONS FILADELFIA,"(-47.4954, -7.33501)",40.0,,,,,
CONS CONCEICAO DO ARAGUAIA,"(-49.2689, -8.26136)",5.0,8.067,0.247,24.0,7.951,0.381
CONS GUARAI,"(array([-48.5114]), array([-8.83543]))",,,,,,
CONS PANTANO GRANDE,"(-52.3729, -30.1902)",47.0,,,,,
CONS CANGUCU,"(-52.6783, -31.396)",4.0,,,,,
CONS ELISEU MARTINS,"(-43.6705, -8.09629)",4.0,,,,,
CONS SAO JOAO DO PIAUI,"(-42.2559, -8.35466)",3.0,,,,,
CONS BERTOLINIA,"(-43.9498, -7.63338)",10.0,,,,,
CONS ARIQUEMES,"(-63.0325, -9.90571)",29.0,7.298,0.155,35.0,7.583,0.293
CONS MONTE NEGRO,"(-63.29, -10.2458)",29.0,,,,,
CONS INGA,"(-35.605, -7.28144)",3.0,,,,,
CONS JURIPIRANGA,"(-35.2321, -7.36176)",3.0,,,,,
CONS ALCANTIL,"(-36.0511, -7.73668)",2.0,,,,,
CONS TANHACU,"(-41.2473, -14.0197)",9.0,,,,,
CONS ANAGE,"(-41.1356, -14.6151)",5.0,,,,,
CONS CARINHANHA,"(-43.7724, -14.2985)",17.0,,,,,
CONS MARABA,"(-49.1327, -5.38075)",8.0,7.436,0.215,70.0,7.595,0.42
CONS REDENCAO,"(-50.0317, -8.02529)",5.0,7.82,0.124,12.0,7.632,0.347
CONS SAO GERALDO DO ARAGUAIA,"(-48.5592, -6.39471)",65.0,,,,,
CONS SANTANA DO ARAGUAIA,"(-50.35, -9.3281)",5.0,,,,,
CONS ABADIA DOS DOURADOS,"(-47.3916, -18.4831)",4.0,,,,,
CONS ROMARIA,"(-47.5782, -18.8838)",4.0,,,,,
CONS CATALAO,"(-47.944, -18.1656)",84.0,7.444,0.096,38.0,7.208,0.413
CONS PATROCINIO,"(-46.9934, -18.9379)",18.0,7.736,0.219,35.0,7.388,0.392
CONS COROMANDEL,"(-47.1933, -18.4734)",4.0,,,,,
CONS PERDIZES,"(-47.2963, -19.3434)",23.0,,,,,
CONS PATOS DE MINAS,"(-46.5013, -18.5699)",36.0,7.632,0.126,40.0,7.29,0.415
CONS ARAXA,"(-46.9438, -19.5902)",4.0,7.664,0.165,44.0,7.276,0.373
CONS ITAPORANGA,"(-49.4819, -23.7043)",177.0,,,,,
CONS CONCEICAO,"(-38.5014, -7.55106)",19.0,,,,,
CONS MARIZOPOLIS,"(-38.3528, -6.82748)",6.0,,,,,
CONS PERDOES,"(-45.0896, -21.0932)",36.0,,,,,
CONS ARAPUA,"(-46.1484, -19.0268)",36.0,,,,,
CONS MARACAS,"(-40.4323, -13.4355)",9.0,,,,,
CONS JAGUAQUARA,"(-39.964, -13.5248)",14.0,8.084,0.159,27.0,7.677,0.404
CONS UBAITABA,"(-39.3222, -14.303)",40.0,,,,,
CONS AGUA DOCE,"(-51.5528, -26.9985)",5.0,,,,,
CONS SANTA CECILIA,"(-50.4252, -26.9592)",5.0,,,,,
CONS GENERAL CARNEIRO,"(-51.3172, -26.425)",10.0,,,,,
CONS TUTOIA,"(-42.2755, -2.76141)",18.0,,,,,
CONS BREJO,"(-42.7527, -3.67796)",18.0,,,,,
CONS BURITI DOS LOPES,"(-41.8695, -3.18259)",10.0,,,,,
CONS BARREIRINHAS,"(-42.8232, -2.75863)",6.0,,,,,
CONS JATAI,"(-51.7204, -17.8784)",2.0,7.628,0.209,48.0,7.265,0.362
CONS APORE,"(-51.9232, -18.9607)",30.0,,,,,
CONS CHAPADAO DO CEU,"(-52.549, -18.4073)",30.0,,,,,
CONS SAO SIMAO,"(-50.547, -18.996)",15.0,,,,,
CONS ASSUNCAO,"(-36.725, -7.07231)",1.0,,,,,
CONS TEIXEIRA,"(-37.2525, -7.22104)",1.0,,,,,
CONS PARANA,"(-47.8734, -12.6167)",2.0,,,,,
CONS JAU DO TOCANTINS,"(-48.589, -12.6509)",4.0,,,,,
CONS GOVERNADOR NUNES FREIRE,"(-45.8777, -2.12899)",8.0,,,,,
CONS ALCANTARA,"(-44.4062, -2.39574)",8.0,,,,,
CONS INOCENCIA,"(-51.9281, -19.7277)",12.0,,,,,
CONS AGUA CLARA,"(-52.879, -20.4452)",5.0,,,,,
CONS CASSILANDIA,"(-51.7313, -19.1179)",5.0,,,,,
CONS ITARUMA,"(-51.3485, -18.7646)",35.0,,,,,
CONS BRASILANDIA,"(-52.0365, -21.2544)",5.0,,,,,
CONS MONTIVIDIU DO NORTE,"(-48.6853, -13.3485)",3.0,,,,,
CONS FORMOSO,"(-48.8775, -13.6499)",3.0,,,,,
CONS PORANGATU,"(-49.1503, -13.4391)",18.0,7.929,0.096,18.0,7.503,0.367
CONS ANAPOLIS,"(-48.953, -16.3281)",18.0,7.329,0.19,59.0,7.114,0.378
CONS TALISMA,"(-49.0896, -12.7949)",3.0,,,,,
CONS BARRA MANSA,"(-44.1752, -22.5481)",30.0,7.901,0.194,50.0,7.245,0.383
CONS ANGRA DOS REIS,"(-44.3196, -23.0011)",30.0,8.324,0.217,27.0,7.235,0.598
CONS ITAGUAI,"(-43.7798, -22.8636)",31.0,7.757,0.319,28.0,7.222,0.677
CONS SAO VICENTE DO SUL,"(-54.6826, -29.6882)",3.0,,,,,
CONS ROSARIO DO SUL,"(-54.9221, -30.2515)",3.0,,,,,
CONS SERTANIA,"(-37.2684, -8.06847)",3.0,,,,,
CONS MONTEIRO,"(-37.1184, -7.88363)",71.0,,,,,
CONS IBIMIRIM,"(-37.7032, -8.54026)",6.0,,,,,
CONS FLORESTA,"(-38.5687, -8.60307)",6.0,,,,,
CONS ITAIBA,"(-37.4173, -8.94569)",77.0,,,,,
CONS INAJA,"(-37.8351, -8.90206)",9.0,,,,,
CONS PARANAIBA,"(-51.1909, -19.6746)",12.0,,,,,
CONS CARNEIRINHO,"(-50.6894, -19.6987)",150.0,,,,,
CONS CACADOR,"(-51.012, -26.7757)",16.0,7.39,0.216,34.0,7.312,0.369
CONS PORTO UNIAO,"(-51.0759, -26.2451)",10.0,,,,,
CONS UNIAO DA VITORIA,"(-51.0873, -26.2273)",2.0,7.331,0.157,32.0,7.189,0.407
CONS ARAGARCAS,"(-52.2372, -15.8955)",5.0,,,,,
CONS PONTAL DO ARAGUAIA,"(-52.3273, -15.9274)",6.0,,,,,
CONS MOITA BONITA,"(-37.3512, -10.5769)",2.0,,,,,
CONS TOBIAS BARRETO,"(-37.9995, -11.1798)",2.0,,,,,
CONS ITAPORANGA D'AJUDA,"(-37.3078, -10.99)",4.0,,,,,
CONS ARACAJU,"(-37.0677, -10.9091)",4.0,7.283,0.143,84.0,7.34,0.212
CONS PORTO REAL DO COLEGIO,"(-36.8376, -10.1849)",3.0,,,,,
CONS JOIA,"(-54.1141, -28.6435)",4.0,,,,,
CONS ALEGRETE,"(-55.7949, -29.7902)",4.0,7.143,0.247,28.0,7.233,0.395
CONS SANTO ANGELO,"(-54.2668, -28.3001)",3.0,7.333,0.143,28.0,7.254,0.456
CONS CURURUPU,"(-44.8644, -1.81475)",8.0,,,,,
CONS PINHEIRO,"(-45.0788, -2.52224)",8.0,7.575,0.148,23.0,7.666,0.394
CONS CAJAZEIRAS,"(-38.5577, -6.88004)",19.0,,,,,
CONS LUIS GOMES,"(-38.3899, -6.40588)",62.0,,,,,
CONS BREJINHO,"(-37.2865, -7.34694)",3.0,,,,,
CONS FREDERICO WESTPHALEN,"(-53.3958, -27.3586)",11.0,,,,,
CONS TRES PASSOS,"(-53.9296, -27.4555)",10.0,,,,,
CONS PALMITOS,"(-53.1586, -27.0702)",3.0,,,,,
CONS PALMEIRA DAS MISSOES,"(-53.3134, -27.9007)",2.0,,,,,
CONS SANTO CRISTO,"(-54.662, -27.8263)",10.0,,,,,
CONS CHAPECO,"(-52.6152, -27.1004)",11.0,6.992,0.113,36.0,6.945,0.307
CONS COCALZINHO DE GOIAS,"(-48.7747, -15.7914)",21.0,,,,,
CONS ITUMBIARA,"(-49.2158, -18.4093)",61.0,7.513,0.335,68.0,7.193,0.404
CONS URUTAI,"(-48.2015, -17.4651)",313.0,,,,,
CONS PIRACANJUBA,"(-49.017, -17.302)",9.0,,,,,
CONS CONSELHEIRO LAFAIETE,"(-43.7846, -20.6634)",23.0,7.749,0.099,25.0,7.2,0.386
CONS VICOSA,"(-42.8742, -20.7559)",23.0,7.633,0.121,26.0,7.92,0.0
CONS SAO JOAO DEL REI,"(-44.2526, -21.1311)",21.0,7.516,0.162,20.0,7.299,0.398
CONS BARBACENA,"(-43.7703, -21.2214)",21.0,7.519,0.164,30.0,7.31,0.318
CONS MARIANA,"(-43.414, -20.3765)",20.0,,,,,
CONS PONTE NOVA,"(-42.8978, -20.4111)",8.0,,,,,
CONS DOM SILVERIO,"(-42.9627, -20.1627)",14.0,,,,,
CONS ARENAPOLIS,"(-56.8437, -14.4472)",9.0,,,,,
CONS BARRA DO BUGRES,"(-57.1878, -15.0702)",12.0,,,,,
CONS DIAMANTINO,"(-56.4366, -14.4037)",4.0,,,,,
CONS JANGADA,"(-56.4917, -15.235)",12.0,,,,,
CONS CABO DE SANTO AGOSTINHO,"(-35.0253, -8.28218)",15.0,7.294,0.229,30.0,7.013,0.286
CONS JABOATAO DOS GUARARAPES,"(-35.015, -8.11298)",10.0,7.324,0.219,39.0,7.138,0.405
CONS POUSO ALEGRE,"(-45.9389, -22.2266)",28.0,7.426,0.167,19.0,7.14,0.3
CONS JACUTINGA,"(-46.6166, -22.286)",30.0,,,,,
CONS DELFIM MOREIRA,"(-45.2792, -22.5036)",32.0,,,,,
CONS UBA,"(-42.9359, -21.1204)",16.0,7.619,0.053,28.0,7.234,0.395
CONS MERCES,"(-43.3337, -21.1976)",16.0,,,,,
CONS VISCONDE DO RIO BRANCO,"(-42.8361, -21.0127)",9.0,,,,,
CONS CARPINA,"(-35.2514, -7.84566)",8.0,,,,,
CONS VERTENTES,"(-35.9681, -7.90158)",8.0,,,,,
CONS CAAPORA,"(-34.9055, -7.51351)",1.0,,,,,
CONS NOVO CABRAIS,"(-52.9489, -29.7338)",2.0,,,,,
CONS PARAISO DO SUL,"(-53.144, -29.6717)",23.0,,,,,
CONS ACEGUA,"(-54.1615, -31.8665)",2.0,,,,,
CONS PALMAS,"(-48.3558, -10.24)",3.0,7.427,0.197,42.0,7.188,0.369
CONS SILVANOPOLIS,"(-48.1694, -11.1471)",2.0,,,,,
CONS SAO LOURENCO DO OESTE,"(-52.8498, -26.3557)",11.0,,,,,
CONS CHOPINZINHO,"(-52.5173, -25.8515)",8.0,,,,,
CONS CORONEL VIVIDA,"(-52.5641, -25.9767)",8.0,,,,,
CONS ABAETE,"(-45.4444, -19.1551)",7.0,,,,,
CONS PARA DE MINAS,"(-44.6114, -19.8534)",7.0,7.455,0.157,26.0,7.344,0.421
CONS QUIRINOPOLIS,"(-50.4547, -18.4472)",15.0,,,,,
CONS SANTA VITORIA,"(-50.1208, -18.8414)",6.0,,,,,
CONS ITUIUTABA,"(-49.4639, -18.9772)",3.0,7.484,0.146,54.0,7.114,0.409
CONS PLANURA,"(-48.7, -20.1376)",6.0,,,,,
CONS UBERABA,"(-47.9381, -19.7472)",74.0,7.476,0.202,92.0,7.211,0.392
CONS NOVA PONTE,"(-47.6779, -19.1461)",4.0,,,,,
CONS DELTA,"(-47.7841, -19.9721)",33.0,,,,,
CONS CAPIM GROSSO,"(-40.0089, -11.3797)",46.0,,,,,
CONS BOA VISTA DO TUPIM,"(-40.6064, -12.6498)",14.0,,,,,
CONS CAMPANHA,"(-45.4004, -21.836)",8.0,,,,,
CONS CAXAMBU,"(-44.9319, -21.9753)",18.0,,,,,
CONS CRUZILIA,"(-44.8067, -21.84)",2.0,,,,,
CONS ALFENAS,"(-45.9477, -21.4256)",28.0,7.683,0.246,30.0,7.269,0.336
CONS POUSO ALTO,"(-44.9748, -22.1964)",6.0,,,,,
CONS ITAMONTE,"(-44.868, -22.2859)",4.0,,,,,
CONS TRES CORACOES,"(-45.2511, -21.6921)",21.0,7.904,0.28,28.0,7.616,0.441
CONS PEIXE,"(-48.5395, -12.0254)",4.0,,,,,
CONS ARAGUACU,"(-49.8231, -12.9289)",4.0,,,,,
CONS TOLEDO,"(-53.7412, -24.7246)",2.0,6.992,0.204,38.0,7.034,0.378
CONS SANTA HELENA,"(-54.336, -24.8585)",2.0,,,,,
CONS MEDIANEIRA,"(-54.0943, -25.2977)",18.0,,,,,
CONS SANTO ANTONIO DA PLATINA,"(-50.0815, -23.2959)",10.0,7.304,0.105,40.0,7.192,0.323
CONS JAGUARIAIVA,"(-49.7066, -24.2439)",12.0,,,,,
CONS SANTA CRUZ DO RIO PARDO,"(-49.6354, -22.8988)",5.0,7.11,0.302,45.0,7.123,0.412
CONS IPIRANGA,"(-50.5794, -25.0238)",12.0,,,,,
CONS ITAPETININGA,"(-48.0483, -23.5886)",42.0,6.952,0.49,61.0,7.294,0.418
CONS ASSIS,"(-50.4183, -22.66)",8.0,6.994,0.424,120.0,7.296,0.495
CONS MACAPA,"(-51.0694, 0.034934)",1.0,6.404,0.257,95.0,7.097,0.396
CONS MAZAGAO,"(-51.2891, -0.11336)",77.0,,,,,
CONS TAILANDIA,"(-48.9489, -2.94584)",17.0,,,,,
CONS TRES COROAS,"(-50.7739, -29.5137)",5.0,,,,,
CONS GRAVATAI,"(-50.9869, -29.9413)",44.0,6.674,0.144,60.0,6.638,0.352
CONS CAXIAS DO SUL,"(-51.1792, -29.1629)",4.0,6.953,0.156,60.0,7.159,0.397
CONS SAO FRANCISCO DE PAULA,"(-50.5828, -29.4404)",8.0,,,,,
CONS NOVO HAMBURGO,"(-51.1328, -29.6875)",1.0,6.533,0.161,70.0,6.646,0.346
CONS PORTO ALEGRE,"(-51.2065, -30.0318)",27.0,6.87,0.131,187.0,6.936,0.425
CONS OSORIO,"(-50.2667, -29.8881)",16.0,6.856,0.157,24.0,6.883,0.367
CONS TRAMANDAI,"(-50.1322, -29.9841)",44.0,,,,,
CONS BALNEARIO PINHAL,"(-50.2337, -30.2419)",31.0,,,,,
CONS MACAU,"(-36.6318, -5.10795)",7.0,,,,,
CONS ITAJA,"(-36.8712, -5.63894)",7.0,,,,,
CONS NATAL,"(-35.1986, -5.79357)",107.0,7.549,0.279,99.0,7.393,0.453
CONS MADRE DE DEUS DE MINAS,"(-44.3287, -21.483)",2.0,,,,,
CONS ESPERA FELIZ,"(-41.9119, -20.6508)",5.0,,,,,
CONS FERVEDOURO,"(-42.279, -20.726)",5.0,,,,,
CONS PATROCINIO DO MURIAE,"(-42.2125, -21.1544)",6.0,,,,,
CONS MARTINS SOARES,"(-41.8786, -20.2546)",14.0,,,,,
CONS MIMOSO DO SUL,"(-41.3615, -21.0628)",6.0,,,,,
CONS BOM JESUS DA LAPA,"(-43.4108, -13.2506)",4.0,,,,,
CONS CAETITE,"(-42.4861, -14.0684)",18.0,8.337,0.223,30.0,8.207,0.412
CONS JABORANDI,"(-44.4255, -13.6071)",9.0,,,,,
CONS CAPIVARI DO SUL,"(-50.5152, -30.1383)",2.0,,,,,
CONS SAO JOSE DO NORTE,"(-52.0331, -32.0151)",2.0,,,,,
CONS PRESIDENTE FIGUEIREDO,"(-60.0234, -2.02981)",8.0,,,,,
CONS BORBA,"(-59.5874, -4.39154)",8.0,,,,,
CONS NOVA VENECIA,"(-40.4053, -18.715)",6.0,,,,,
CONS SAO DOMINGOS DO NORTE,"(-40.6281, -19.1452)",4.0,,,,,
CONS BARRA DE SAO FRANCISCO,"(-40.8965, -18.7548)",29.0,,,,,
CONS AIMORES,"(-41.0746, -19.5007)",58.0,,,,,
CONS JOAO NEIVA,"(-40.386, -19.7577)",6.0,,,,,
CONS COLATINA,"(-40.6269, -19.5493)",4.0,7.659,0.143,17.0,7.077,0.537
CONS CONGONHAS,"(-43.851, -20.4958)",12.0,7.62,0.145,26.0,7.114,0.451
CONS CONTAGEM,"(-44.0539, -19.9321)",58.0,7.393,0.128,84.0,7.046,0.363
CONS APARECIDA DO RIO NEGRO,"(-47.9638, -9.94139)",3.0,,,,,
CONS MANTENA,"(-40.9874, -18.7761)",9.0,,,,,
CONS GALILEIA,"(-41.5387, -19.0005)",9.0,,,,,
CONS SENADOR GUIOMARD,"(-67.7362, -10.1497)",6.0,,,,,
CONS ASSIS BRASIL,"(-69.5738, -10.9298)",6.0,,,,,
CONS SAO GONCALO,"(-43.0634, -22.8268)",18.0,7.578,0.169,72.0,6.896,0.399
CONS RIO DE JANEIRO,"(-43.2003, -22.9129)",3.0,7.656,0.23,356.0,7.057,0.435
CONS JAIBA,"(-43.6688, -15.3432)",6.0,,,,,
CONS JANAUBA,"(-43.3132, -15.8022)",6.0,7.811,0.182,35.0,7.374,0.36
CONS GUARDA-MOR,"(-47.0998, -17.7673)",3.0,,,,,
CONS BOCA DO ACRE,"(-67.3919, -8.74232)",10.0,,,,,
CONS LABREA,"(-64.7948, -7.26413)",10.0,,,,,
CONS ARCOVERDE,"(-37.0577, -8.41519)",19.0,7.508,0.135,32.0,7.59,0.0
CONS GENTIO DO OURO,"(-42.5077, -11.4342)",4.0,,,,,
CONS XIQUE-XIQUE,"(-42.7245, -10.823)",7.0,,,,,
CONS PALMITAL,"(-52.2029, -24.8853)",9.0,,,,,
CONS LARANJEIRAS DO SUL,"(-52.4109, -25.4077)",8.0,,,,,
CONS NOVA TEBAS,"(-51.9454, -24.438)",24.0,,,,,
CONS CANDOI,"(-52.0409, -25.5758)",8.0,,,,,
CONS UNAI,"(-46.9022, -16.3592)",18.0,7.942,0.215,49.0,7.531,0.343
CONS BONFINOPOLIS DE MINAS,"(-45.9839, -16.568)",18.0,,,,,
CONS ESPINOSA,"(-42.809, -14.9249)",9.0,,,,,
CONS FRANCISCO SA,"(-43.4896, -16.4827)",9.0,,,,,
CONS URANDI,"(-42.6498, -14.7678)",18.0,,,,,
CONS IMBITUVA,"(-50.5989, -25.2285)",7.0,,,,,
CONS PONTA GROSSA,"(-50.1668, -25.0916)",3.0,7.234,0.157,74.0,6.961,0.393
CONS SANTO ANTONIO DE JESUS,"(-39.2584, -12.9614)",14.0,7.941,0.089,28.0,7.672,0.355
CONS NAZARE,"(-39.0108, -13.0235)",3.0,,,,,
CONS RAFAEL JAMBEIRO,"(-39.5007, -12.4053)",33.0,,,,,
CONS OLIVEIRA,"(-44.829, -20.6982)",15.0,7.419,0.202,45.0,7.192,0.326
CONS GUARATINGUETA,"(-45.1938, -22.8075)",25.0,6.807,0.216,29.0,7.255,0.293
CONS CUNHA,"(-44.9576, -23.0731)",25.0,,,,,
CONS PARATY,"(-44.7175, -23.2221)",656.0,,,,,
CONS UBATUBA,"(-45.0834, -23.4332)",62.0,6.944,0.152,45.0,7.34,0.3
CONS MIRACATU,"(-47.4625, -24.2766)",28.0,,,,,
CONS CARAGUATATUBA,"(-45.4125, -23.6125)",129.0,7.061,0.124,37.0,7.262,0.392
CONS CAREIRO DA VARZEA,"(-59.5557, -3.314)",6.0,,,,,
CONS CANUTAMA,"(-64.3953, -6.52582)",6.0,,,,,
CONS CHOROZINHO,"(-38.4986, -4.28873)",4.0,,,,,
CONS SOLONOPOLE,"(-39.0107, -5.71894)",7.0,,,,,
CONS QUIXELO,"(-39.2011, -6.24637)",7.0,,,,,
CONS PEREIRO,"(-38.4624, -6.03576)",20.0,,,,,
CONS SENADOR POMPEU,"(-39.3704, -5.58244)",20.0,,,,,
CONS CAMBUQUIRA,"(-45.2896, -21.854)",6.0,,,,,
CONS NOVA PRATA,"(-51.6113, -28.7799)",48.0,,,,,
CONS CARAZINHO,"(-52.7933, -28.2958)",21.0,,,,,
CONS BARAO DE COTEGIPE,"(-52.3798, -27.6208)",5.0,,,,,
CONS ERECHIM,"(-52.2697, -27.6364)",4.0,7.15,0.143,44.0,7.185,0.46
CONS CUMARI,"(-48.1511, -18.2644)",28.0,,,,,
CONS TAPURAH,"(-56.5178, -12.695)",7.0,,,,,
CONS LUCAS DO RIO VERDE,"(-55.9042, -13.0588)",7.0,,,,,
CONS ARAPORA,"(-49.1847, -18.4357)",3.0,,,,,
CONS CORUMBAIBA,"(-48.5626, -18.1415)",5.0,,,,,
CONS FRONTEIRA,"(-49.1984, -20.2748)",287.0,,,,,
CONS SAO FIDELIS,"(-41.756, -21.6551)",8.0,,,,,
CONS CAMPOS DOS GOYTACAZES,"(-41.3181, -21.7622)",96.0,7.821,0.157,42.0,7.503,0.146
CONS SAO JOAO DA BARRA,"(-41.0446, -21.638)",19.0,,,,,
CONS PORTO XAVIER,"(-55.1379, -27.9082)",3.0,,,,,
CONS FLORIANO,"(-43.0241, -6.77182)",15.0,,,,,
CONS DIRCEU ARCOVERDE,"(-42.4348, -9.33939)",15.0,,,,,
CONS BARAO DE GRAJAU,"(-43.0261, -6.74463)",9.0,,,,,
CONS FRONTEIRAS,"(-40.6146, -7.08173)",15.0,,,,,
CONS ITAJUBA,"(-45.4598, -22.4225)",18.0,7.565,0.124,32.0,7.336,0.292
CONS BOM JESUS DO ITABAPOANA,"(-41.6822, -21.1449)",8.0,,,,,
CONS CACHOEIRO DE ITAPEMIRIM,"(-41.1198, -20.8462)",2.0,7.535,0.21,59.0,7.193,0.428
CONS ARACRUZ,"(-40.2764, -19.82)",20.0,7.391,0.149,28.0,6.995,0.437
CONS GUARAPARI,"(-40.5093, -20.6772)",46.0,7.41,0.187,16.0,7.65,0.0
CONS SOROCABA,"(-47.4451, -23.4969)",170.0,6.833,0.196,104.0,7.177,0.38
CONS JUQUIA,"(-47.6426, -24.3101)",123.0,,,,,
CONS TIETE,"(-47.7164, -23.1101)",170.0,,,,,
CONS SALTO,"(-47.2931, -23.1996)",3.0,6.72,0.311,50.0,6.999,0.375
CONS JUNDIAI,"(-46.8974, -23.1852)",6.0,6.824,0.199,105.0,6.978,0.36
CONS VILHENA,"(-60.1488, -12.7502)",119.0,7.6,0.088,31.0,7.776,0.361
CONS PIMENTEIRAS DO OESTE,"(-61.0471, -13.4823)",30.0,,,,,
CONS NOVA PETROPOLIS,"(-51.1136, -29.3741)",8.0,,,,,
CONS LUZIANIA,"(-47.95, -16.253)",36.0,7.268,0.33,47.0,6.946,0.334
CONS CRISTALINA,"(-47.6131, -16.7676)",28.0,,,,,
CONS PLANALTINA,"(-47.6089, -15.452)",6.0,,,,,
CONS FORMOSA,"(-47.337, -15.54)",2.0,7.593,0.296,44.0,7.385,0.411
CONS ALMAS,"(-47.1792, -11.5706)",4.0,,,,,
CONS PONTE ALTA DO BOM JESUS,"(-46.4825, -12.0853)",4.0,,,,,
CONS IPORA,"(-53.706, -24.0083)",85.0,,,,,
CONS RIO VERDE,"(-50.9192, -17.7923)",61.0,7.414,0.16,64.0,7.258,0.411
CONS DOM ELISEU,"(-47.8245, -4.19944)",117.0,,,,,
CONS ITINGA DO MARANHAO,"(-47.5235, -4.45293)",5.0,,,,,
CONS CAROLINA,"(-47.4634, -7.33584)",5.0,,,,,
CONS TANGARA DA SERRA,"(-57.4933, -14.6229)",24.0,,,,,
CONS BAEPENDI,"(-44.8874, -21.957)",4.0,,,,,
CONS SAPEZAL,"(-58.7645, -12.9892)",8.0,,,,,
CONS CAMPO NOVO DO PARECIS,"(-57.8907, -13.6587)",8.0,,,,,
CONS SANTO INACIO,"(-51.7969, -22.6957)",4.0,,,,,
CONS PIRAPOZINHO,"(-51.4976, -22.2711)",68.0,,,,,
CONS JANDAIA DO SUL,"(-51.6448, -23.6011)",10.0,,,,,
CONS PEABIRU,"(-52.3431, -23.914)",85.0,,,,,
CONS CRATEUS,"(-40.6536, -5.16768)",12.0,7.999,0.209,28.0,7.666,0.332
CONS SAO PEDRO DA ALDEIA,"(-42.1026, -22.8429)",15.0,,,,,
CONS FELIXLANDIA,"(-44.9004, -18.7507)",5.0,,,,,
CONS GOVERNADOR VALADARES,"(-41.9555, -18.8545)",58.0,7.395,0.1,53.0,7.21,0.41
CONS CORINTO,"(-44.4542, -18.369)",15.0,,,,,
CONS CURVELO,"(-44.4303, -18.7527)",58.0,7.603,0.14,18.0,7.06,0.403
CONS SAO JOAO DAS MISSOES,"(-44.0922, -14.8859)",2.0,,,,,
CONS TURMALINA,"(-42.7285, -17.2828)",3.0,,,,,
CONS DATAS,"(-43.6591, -18.4478)",5.0,,,,,
CONS CAPELINHA,"(-42.5147, -17.6888)",9.0,,,,,
CONS QUIXADA,"(-39.0155, -4.9663)",20.0,7.438,0.252,10.0,7.29,0.424
CONS SAO SEBASTIAO DO PARAISO,"(-46.9837, -20.9167)",6.0,7.696,0.126,28.0,7.286,0.349
CONS SANTO ANTONIO DA ALEGRIA,"(-47.1464, -21.0864)",16.0,,,,,
CONS MARMELEIRO,"(-53.0267, -26.1472)",10.0,,,,,
CONS ALTO PARAISO,"(-52.7469, -26.1146)",6.0,,,,,
CONS CASEARA,"(-49.9521, -9.27612)",3.0,,,,,
CONS SAO BORJA,"(-56.0036, -28.6578)",10.0,,,,,
CONS BARRA DO QUARAI,"(-57.5497, -30.2029)",10.0,,,,,
CONS SAO JOSE DOS AUSENTES,"(-50.0677, -28.7476)",10.0,,,,,
CONS SAO FRANCISCO DO SUL,"(-48.6344, -26.2579)",10.0,,,,,
CONS GUARATUBA,"(-48.5752, -25.8817)",7.0,,,,,
CONS NOVA ANDRADINA,"(-53.3437, -22.238)",64.0,7.753,0.063,24.0,7.327,0.364
CONS BATAYPORA,"(-53.2705, -22.2944)",14.0,,,,,
CONS JOAO MONLEVADE,"(-43.1735, -19.8126)",14.0,7.583,0.123,32.0,7.233,0.39
CONS MARITUBA,"(-48.3421, -1.36002)",15.0,,,,,
CONS BARCARENA,"(-48.6195, -1.51187)",15.0,,,,,
CONS CACHOEIRA DO PIRIA,"(-46.5459, -1.75974)",117.0,,,,,
CONS CARATINGA,"(-42.1292, -19.7868)",8.0,7.903,0.111,19.0,7.244,0.379
CONS IPU,"(-40.7059, -4.31748)",12.0,,,,,
CONS SAO JOAO DA FRONTEIRA,"(-41.2569, -3.95497)",4.0,,,,,
CONS UBAJARA,"(-40.9204, -3.85448)",321.0,,,,,
CONS CHAPADINHA,"(-43.3538, -3.73875)",32.0,,,,,
CONS OIAPOQUE,"(-51.8331, 3.84074)",6.0,,,,,
CONS MARCO,"(-40.1582, -3.1285)",7.0,,,,,
CONS UMIRIM,"(-39.3465, -3.67654)",7.0,,,,,
CONS SOBRAL,"(-40.3482, -3.68913)",8.0,8.132,0.188,56.0,,
CONS CRUZ,"(-40.176, -2.91813)",12.0,,,,,
CONS CHAVAL,"(-41.2435, -3.03571)",12.0,,,,,
CONS PATOS,"(-37.2747, -7.01743)",26.0,7.349,0.186,30.0,7.368,0.442
CONS SERRA NEGRA DO NORTE,"(-37.3996, -6.66031)",7.0,,,,,
CONS JACINTO,"(-40.295, -16.1428)",2.0,,,,,
CONS ARACUAI,"(-42.0637, -16.8523)",10.0,,,,,
CONS SALINAS,"(-42.2964, -16.1753)",10.0,,,,,
CONS SIMAO DIAS,"(-37.8097, -10.7387)",4.0,,,,,
CONS SAO MATEUS,"(-39.8579, -18.7214)",29.0,7.666,0.166,29.0,6.85,0.353
CONS ABARE,"(-39.1162, -8.72073)",8.0,,,,,
CONS BELEM DO SAO FRANCISCO,"(-38.9623, -8.75046)",15.0,,,,,
CONS SAO SEBASTIAO DO PASSE,"(-38.4905, -12.5123)",17.0,,,,,
CONS SALVADOR,"(-38.5011, -12.9718)",114.0,7.858,0.257,390.0,7.581,0.489
CONS ENCRUZILHADA,"(-40.9124, -15.5302)",114.0,,,,,
CONS PETROLINA,"(-40.5027, -9.38866)",5.0,7.909,0.239,49.0,7.621,0.406
CONS NAVEGANTES,"(-48.6546, -26.8943)",18.0,,,,,
CONS ADRIANOPOLIS,"(-48.9922, -24.6606)",2.0,,,,,
CONS RIBEIRA,"(-49.0044, -24.6517)",13.0,,,,,
CONS BARRA DO TURVO,"(-48.5013, -24.759)",5.0,,,,,
CONS ITARARE,"(-49.3352, -24.1085)",13.0,,,,,
CONS ECOPORANGA,"(-40.836, -18.3702)",6.0,,,,,
CONS GRANJA,"(-40.8372, -3.12788)",11.0,,,,,
CONS JACOBINA,"(-40.5117, -11.1812)",21.0,7.996,0.15,30.0,7.865,0.609
CONS SALITRE,"(-40.45, -7.28398)",7.0,,,,,
CONS MARCOLANDIA,"(-40.6602, -7.44169)",203.0,,,,,
CONS CACHOEIRA DOURADA,"(-49.5039, -18.5161)",3.0,,,,,
CONS TEOFILO OTONI,"(-41.5087, -17.8595)",33.0,7.512,0.119,52.0,7.145,0.42
CONS SERRA DOS AIMORES,"(-40.2453, -17.7872)",33.0,,,,,
CONS VIANOPOLIS,"(-48.5159, -16.7405)",5.0,,,,,
CONS MORRINHOS,"(-40.1233, -3.23426)",8.0,7.232,0.163,41.0,6.954,0.394
CONS IPAMERI,"(-48.1581, -17.7215)",8.0,,,,,
CONS ITAPIPOCA,"(-39.5836, -3.49933)",26.0,7.975,0.157,24.0,,
CONS SAO GONCALO DO AMARANTE,"(-38.9726, -3.60515)",26.0,,,,,
CONS BATAGUASSU,"(-52.4221, -21.7159)",2.0,,,,,
CONS PRESIDENTE VENCESLAU,"(-51.8447, -21.8732)",7.0,6.938,0.292,13.0,7.351,0.416
CONS TRES LAGOAS,"(-51.7007, -20.7849)",14.0,7.379,0.177,57.0,7.19,0.329
CONS NOVA SERRANA,"(-44.9847, -19.8713)",21.0,,,,,
CONS LEOPOLDINA,"(-42.6421, -21.5296)",18.0,7.729,0.105,28.0,7.081,0.322
CONS PORTO VELHO,"(-63.8999, -8.76077)",119.0,7.166,0.208,110.0,7.448,0.423
CONS GUAJARA-MIRIM,"(-65.3296, -10.7889)",119.0,,,,,
CONS IRAI,"(-53.2543, -27.1951)",3.0,,,,,
CONS SANT'ANA DO LIVRAMENTO,"(-55.5392, -30.8773)",3.0,,,,,
CONS MARAVILHA,"(-53.1737, -26.7665)",3.0,,,,,
CONS ITAPIRAPUA,"(-50.6094, -15.8205)",5.0,,,,,
CONS PIRIPIRI,"(-41.7716, -4.27157)",20.0,7.964,0.181,20.0,7.602,0.377
CONS PEDRO II,"(-41.4482, -4.42585)",20.0,,,,,
CONS PARAISO,"(-53.6716, -26.62)",2.0,,,,,
CONS FLORIANOPOLIS,"(-48.5477, -27.5945)",2.0,7.236,0.227,166.0,7.207,0.46
CONS ITAITUBA,"(-55.9926, -4.2667)",38.0,7.232,0.171,27.0,7.301,0.321
CONS PALESTINA DO PARA,"(-48.3181, -5.74027)",38.0,,,,,
CONS JI-PARANA,"(-61.9322, -10.8777)",42.0,7.598,0.191,56.0,7.751,0.428
CONS COSTA MARQUES,"(-64.228, -12.4367)",42.0,,,,,
CONS IPIRANGA DO NORTE,"(-56.1531, -12.2408)",3.0,,,,,
CONS SORRISO,"(-55.7211, -12.5425)",24.0,7.434,0.207,39.0,7.614,0.354
CONS SANTA RITA DO TRIVELATO,"(-55.2706, -13.8146)",19.0,,,,,
CONS BERILO,"(-42.4606, -16.9567)",5.0,,,,,
CONS IPE,"(-51.2859, -28.8171)",4.0,,,,,
CONS MACUCO,"(-42.2533, -21.9813)",2.0,,,,,
CONS BOA VISTA DO GURUPI,"(array([-46.3002]), array([-1.77614]))",,,,,,
CONS TIMON,"(-42.8329, -5.09769)",22.0,,,,,
CONS ESTREITO,"(-47.4431, -6.56077)",9.0,,,,,
CONS TERESINA,"(-42.8034, -5.09194)",203.0,7.941,0.167,185.0,7.442,0.351
CONS NATIVIDADE,"(-47.7223, -11.7034)",2.0,,,,,
CONS ARRAIAS,"(-46.9359, -12.9287)",2.0,,,,,
CONS UIRAUNA,"(-38.4128, -6.51504)",6.0,,,,,
CONS PAU DOS FERROS,"(-38.2077, -6.10498)",107.0,,,,,
CONS ITU,"(-47.2927, -23.2544)",34.0,6.726,0.219,69.0,7.056,0.395
CONS PIRACICABA,"(-47.6476, -22.7338)",16.0,6.823,0.162,75.0,7.062,0.419
CONS CAMPINAS,"(-47.0659, -22.9053)",170.0,6.758,0.177,160.0,6.988,0.419
CONS SANTOS,"(-46.335, -23.9535)",1619.0,7.127,0.282,56.0,7.18,0.392
CONS PRAIA GRANDE,"(-46.4121, -24.0084)",1619.0,6.894,0.216,56.0,7.215,0.531
CONS ARUJA,"(-46.32, -23.3965)",1619.0,,,,,
CONS JACAREI,"(-45.9658, -23.2983)",170.0,6.537,0.142,66.0,6.672,0.332
CONS MOGI GUACU,"(-46.9428, -22.3675)",27.0,6.638,0.324,64.0,7.091,0.345
CONS CORDEIROPOLIS,"(-47.4519, -22.4778)",8.0,,,,,
CONS DORES DO RIO PRETO,"(-41.8405, -20.6931)",2.0,,,,,
CONS PASSOS,"(-46.609, -20.7193)",30.0,7.23,0.277,36.0,7.112,0.396
CONS CARUARU,"(-35.9699, -8.28455)",77.0,7.233,0.166,54.0,,
CONS ERVALIA,"(-42.6544, -20.8403)",6.0,,,,,
CONS BARREIRAS,"(-44.9968, -12.1439)",40.0,7.908,0.167,37.0,7.729,0.512
CONS CRISTOPOLIS,"(-44.4214, -12.2249)",40.0,,,,,
CONS TAUBATE,"(-45.5593, -23.0104)",62.0,6.695,0.263,39.0,6.899,0.47
CONS CRUZMALTINA,"(-51.4563, -24.0132)",3.0,,,,,
CONS SANTA RITA DO ARAGUAIA,"(-53.2012, -17.3269)",2.0,,,,,
CONS MINEIROS,"(-52.5537, -17.5654)",14.0,7.56,0.097,26.0,7.497,0.367
CONS ALTO TAQUARI,"(-53.2792, -17.8241)",2.0,,,,,
CONS ALTO ARAGUAIA,"(-53.2181, -17.3153)",67.0,,,,,
CONS TAQUARITINGA DO NORTE,"(-36.0423, -7.89446)",11.0,,,,,
CONS GUAIRA,"(-54.2573, -24.085)",10.0,,,,,
CONS MUNDO NOVO,"(-54.281, -23.9355)",4.0,,,,,
CONS MOSSORO,"(-37.3474, -5.18374)",62.0,7.675,0.11,66.0,7.238,0.354
CONS WANDERLANDIA,"(-47.9601, -6.85274)",1.0,,,,,
CONS AGUIARNOPOLIS,"(-47.4702, -6.55409)",4.0,,,,,
CONS MAUA DA SERRA,"(-51.2277, -23.8988)",3.0,,,,,
CONS SAO MIGUEL DO ARAGUAIA,"(-50.1634, -13.2731)",7.0,,,,,
CONS SAO LUIS DE MONTES BELOS,"(-50.3726, -16.5211)",7.0,,,,,
CONS PADRE BERNARDO,"(-48.2833, -15.1605)",7.0,,,,,
CONS NIQUELANDIA,"(-48.4599, -14.4662)",10.0,,,,,
CONS URUACU,"(-49.1396, -14.5238)",10.0,,,,,
CONS CURRAIS NOVOS,"(-36.5146, -6.25484)",7.0,,,,,
CONS DOURADOS,"(-54.812, -22.2231)",64.0,7.027,0.119,40.0,6.923,0.322
CONS PONTA PORA,"(-55.7203, -22.5296)",64.0,7.418,0.106,16.0,7.104,0.321
CONS SAO JOAO DOS PATOS,"(-43.7036, -6.4934)",153.0,,,,,
CONS MORROS,"(-44.0357, -2.85379)",6.0,,,,,
CONS CHAPADAO DO SUL,"(-52.6263, -18.788)",6.0,,,,,
CONS BANDEIRANTES,"(-54.3585, -19.9275)",6.0,,,,,
CONS PIO IX,"(-40.6083, -6.83002)",9.0,,,,,
CONS VARZEA BRANCA,"(-42.9692, -9.238)",9.0,,,,,
CONS PARAMBU,"(-40.6905, -6.20768)",23.0,,,,,
CONS SANTAREM,"(-54.6996, -2.43849)",70.0,7.283,0.189,48.0,7.513,0.375
CONS NOVO PROGRESSO,"(-55.3786, -7.14347)",70.0,,,,,
CONS POCOS DE CALDAS,"(-46.5692, -21.78)",9.0,7.363,0.146,47.0,7.201,0.289
CONS BAIA FORMOSA,"(-35.0033, -6.37161)",6.0,,,,,
CONS GARIBALDI,"(-51.5352, -29.259)",10.0,,,,,
CONS COIVARAS,"(-42.208, -5.09224)",1.0,,,,,
CONS PIRAPORA,"(-44.934, -17.3392)",15.0,,,,,
CONS CARLINDA,"(-55.8417, -9.94912)",4.0,,,,,
CONS NOVA SANTA HELENA,"(-55.1872, -10.8651)",4.0,,,,,
CONS JACAREZINHO,"(-49.9739, -23.1591)",10.0,,,,,
CONS MARECHAL CANDIDO RONDON,"(-54.0571, -24.557)",18.0,7.173,0.25,21.0,7.038,0.354
CONS PRIMAVERA DO LESTE,"(-54.2811, -15.544)",25.0,,,,,
CONS RONDONOPOLIS,"(-54.6372, -16.4673)",67.0,6.983,0.126,114.0,7.457,0.34
CONS ITAPERUNA,"(-41.8799, -21.1997)",19.0,8.155,0.123,24.0,7.223,0.399
CONS ARAGUAINA,"(-48.2044, -7.19238)",40.0,7.427,0.114,20.0,6.998,0.371
CONS NONOAI,"(-52.7756, -27.3689)",5.0,,,,,
CONS ITAPARICA,"(-38.68, -12.8932)",3.0,,,,,
CONS LAURO DE FREITAS,"(-38.321, -12.8978)",1.0,7.951,0.036,44.0,7.661,0.481
CONS COMODORO,"(-59.7848, -13.6614)",4.0,,,,,
CONS CACERES,"(-57.6818, -16.0764)",2.0,7.078,0.115,52.0,7.31,0.318
CONS FLORESTA AZUL,"(-39.6579, -14.8629)",2.0,,,,,
CONS VITORIA DA CONQUISTA,"(-40.8442, -14.8615)",20.0,8.303,0.043,40.0,7.825,0.351
CONS ITAPE,"(-39.4239, -14.8876)",38.0,,,,,
CONS TIRADENTES DO SUL,"(-54.0814, -27.4022)",2.0,,,,,
CONS COSTA RICA,"(-53.1287, -18.5432)",5.0,,,,,
CONS COXIM,"(-54.751, -18.5013)",5.0,7.474,0.101,24.0,7.167,0.349
CONS BOCAIUVA,"(-43.8104, -17.1135)",13.0,,,,,
CONS SENADOR MODESTINO GONCALVES,"(-43.2172, -17.9465)",13.0,,,,,
CONS RIOZINHO,"(-50.4488, -29.639)",1.0,,,,,
CONS VACARIA,"(-50.9418, -28.5079)",17.0,7.204,0.155,35.0,7.178,0.491
CONS CAMAQUA,"(-51.8043, -30.8489)",17.0,,,,,
CONS JAGUARAO,"(-53.377, -32.5604)",17.0,,,,,
CONS BAIXO GUANDU,"(-41.0109, -19.5213)",6.0,,,,,
CONS CABROBO,"(-39.3094, -8.50548)",9.0,,,,,
CONS ARUANA,"(-51.075, -14.9166)",4.0,,,,,
CONS ARAGUAPAZ,"(-50.6315, -15.0909)",4.0,,,,,
CONS VARZEA GRANDE,"(-56.1322, -15.6458)",2.0,6.768,0.164,84.0,7.21,0.401
CONS CAMPO VERDE,"(-55.1626, -15.545)",15.0,,,,,
CONS IBOTIRAMA,"(-43.2167, -12.1779)",4.0,,,,,
CONS ITAGIMIRIM,"(-39.6133, -16.0819)",5.0,,,,,
CONS SANTA CRUZ CABRALIA,"(-39.0295, -16.2825)",5.0,,,,,
CONS FORMOSA DO RIO PRETO,"(-45.193, -11.0328)",11.0,,,,,
CONS COCOS,"(-44.5352, -14.1814)",11.0,,,,,
CONS CRISTALANDIA DO PIAUI,"(-45.1893, -10.6443)",2.0,,,,,
CONS TIO HUGO,"(-52.5955, -28.5712)",3.0,,,,,
CONS PACARAIMA,"(-61.1477, 4.4799)",1.0,,,,,
CONS RORAINOPOLIS,"(-60.4389, 0.939956)",1.0,,,,,
CONS JUATUBA,"(-44.3451, -19.9448)",6.0,,,,,
CONS MARCELINO RAMOS,"(-51.9095, -27.4676)",4.0,,,,,
CONS BELA VISTA,"(-56.5263, -22.1073)",1.0,,,,,
CONS GUAPORE,"(-51.8895, -28.8399)",6.0,,,,,
CONS TIMBAUBA,"(-35.3119, -7.50484)",10.0,,,,,
CONS FERREIRA GOMES,"(-51.1795, 0.857256)",1.0,,,,,
CONS CARACARAI,"(-61.1304, 1.82766)",6.0,,,,,
CONS CAROEBE,"(-59.6959, 0.884203)",5.0,,,,,
CONS SANTA CRUZ DO SUL,"(-52.4343, -29.722)",47.0,7.156,0.131,44.0,7.218,0.411
CONS NOVA MUTUM,"(-56.0743, -13.8374)",19.0,,,,,
CONS DIVISA ALEGRE,"(-41.3463, -15.7221)",3.0,,,,,
CONS MARATAIZES,"(-40.8384, -21.0398)",26.0,,,,,
CONS LUIS CORREIA,"(-41.6641, -2.88438)",10.0,,,,,
CONS PORTO MURTINHO,"(-57.8836, -21.6981)",2.0,,,,,
CONS PAULO AFONSO,"(-38.2216, -9.3983)",17.0,7.76,0.0,1.0,,
CONS DELMIRO GOUVEIA,"(-37.9987, -9.38534)",1.0,8.09,0.11,28.0,8.095,0.377
CONS PROPRIA,"(-36.8442, -10.2138)",5.0,,,,,
CONS CRISTINAPOLIS,"(-37.7585, -11.4668)",5.0,,,,,
CONS CHUI,"(-53.4594, -33.6866)",43.0,,,,,
CONS PELOTAS,"(-52.3371, -31.7649)",8.0,7.135,0.174,56.0,7.18,0.377
CONS SAO JOAO DO ARRAIAL,"(-42.4459, -3.8186)",4.0,,,,,
CONS BARRETOS,"(-48.5698, -20.5531)",37.0,7.319,0.437,69.0,7.383,0.419
CONS PARAPUA,"(-50.7949, -21.7792)",6.0,,,,,
CONS BEBEDOURO,"(-48.4791, -20.9491)",20.0,6.984,0.16,36.0,7.054,0.438
CONS MATAO,"(-48.364, -21.6025)",37.0,6.584,0.481,65.0,7.156,0.391
CONS BILAC,"(-50.4746, -21.404)",28.0,,,,,
CONS CLEMENTINA,"(-50.4525, -21.5604)",5.0,,,,,
CONS CATANDUVA,"(-48.977, -21.1314)",6.0,6.933,0.14,47.0,7.106,0.43
CONS URUGUAIANA,"(-57.0853, -29.7614)",17.0,7.125,0.176,28.0,7.034,0.375
CONS JULIO DE CASTILHOS,"(-53.6772, -29.2299)",9.0,,,,,
CONS SANTANA DA BOA VISTA,"(-53.11, -30.8697)",3.0,,,,,
CONS RIO REAL,"(-37.9332, -11.4814)",7.0,,,,,
CONS MUCURI,"(-39.5565, -18.0754)",6.0,,,,,
CONS CAMPOS BELOS,"(-46.7681, -13.035)",6.0,,,,,
CONS PEREIRA BARRETO,"(-51.1123, -20.6368)",7.0,,,,,
CONS ILHA SOLTEIRA,"(-51.3426, -20.4326)",10.0,,,,,
CONS MIRASSOL,"(-49.5206, -20.8169)",2.0,6.78,0.088,32.0,7.102,0.356
CONS BOM JESUS,"(-44.359, -9.07124)",2.0,,,,,
CONS SANTA FILOMENA,"(-45.9116, -9.11228)",2.0,,,,,
CONS REDENCAO DO GURGUEIA,"(-44.5811, -9.47937)",2.0,,,,,
CONS RECIFE,"(-34.8771, -8.04666)",189.0,7.348,0.222,138.0,,
CONS NOVO LINO,"(-35.664, -8.94191)",3.0,,,,,
CONS AGUAS LINDAS DE GOIAS,"(-48.2816, -15.7617)",21.0,7.804,0.288,20.0,7.405,0.545
CONS NOVA FLORESTA,"(-36.2057, -6.45056)",2.0,,,,,
CONS MACHADO,"(-45.9219, -21.6778)",9.0,,,,,
CONS TOUROS,"(-35.4621, -5.20182)",6.0,,,,,
CONS GUARANTA DO NORTE,"(-54.9121, -9.96218)",11.0,,,,,
CONS ITIQUIRA,"(-54.1422, -17.2147)",43.0,,,,,
CONS PENAFORTE,"(-39.0707, -7.82163)",321.0,,,,,
CONS VIRGEM DA LAPA,"(-42.3431, -16.807)",3.0,,,,,
CONS CAPAO BONITO,"(-48.3482, -24.0113)",44.0,,,,,
CONS BARRO ALTO,"(-48.9086, -14.9658)",4.0,,,,,
CONS HUMBERTO DE CAMPOS,"(-43.4649, -2.59828)",6.0,,,,,
CONS IPAUMIRIM,"(-38.7179, -6.78265)",4.0,,,,,
CONS JERUMENHA,"(-43.5033, -7.09128)",2.0,,,,,
CONS TRES FRONTEIRAS,"(-50.8905, -20.2344)",2.0,,,,,
CONS AUGUSTO CORREA,"(-46.6147, -1.05109)",5.0,,,,,
CONS CARIRA,"(-37.7002, -10.3524)",4.0,,,,,
CONS PEDRO ALEXANDRE,"(-37.8932, -10.012)",7.0,,,,,
CONS PIRANHAS,"(-51.8235, -16.4258)",8.0,,,,,
CONS UMBURANAS,"(-41.3234, -10.7339)",4.0,,,,,
CONS OURO BRANCO,"(-37.3556, -9.15884)",1.0,,,,,
CONS BOA VISTA,"(-60.6753, 2.82384)",5.0,7.066,0.095,57.0,7.525,0.366
CONS CAMPO MOURAO,"(-52.378, -24.0463)",9.0,6.823,0.281,56.0,6.976,0.418
CONS GOIOERE,"(-53.0248, -24.1835)",24.0,,,,,
CONS AREIA BRANCA,"(-37.1252, -4.95254)",4.0,,,,,
CONS JANDUIS,"(-37.4048, -6.01474)",4.0,,,,,
CONS CORUMBA,"(-57.651, -19.0077)",14.0,7.736,0.088,40.0,7.553,0.277
CONS REMANSO,"(-42.0848, -9.61944)",7.0,,,,,
CONS IBITIARA,"(-42.2179, -12.6502)",9.0,,,,,
CONS EUSEBIO,"(-38.4559, -3.8925)",23.0,,,,,
CONS ARACATI,"(-37.7679, -4.55826)",13.0,,,,,
CONS QUARAI,"(-56.4483, -30.384)",8.0,,,,,
CONS JARAGUA,"(-49.3344, -15.7529)",14.0,,,,,
CONS ITABERAI,"(-49.806, -16.0206)",14.0,,,,,
CONS VIAMAO,"(-51.0194, -30.0819)",31.0,6.897,0.14,30.0,7.007,0.431
CONS CANTA,"(-60.6058, 2.60994)",6.0,,,,,
CONS GOIANA,"(-34.9959, -7.5606)",12.0,7.27,0.183,28.0,,
CONS BELO HORIZONTE,"(-43.9266, -19.9102)",287.0,7.375,0.13,175.0,7.058,0.386
CONS EXTREMA,"(-46.3178, -22.854)",287.0,,,,,
CONS CARAVELAS,"(-39.2597, -17.7268)",6.0,,,,,
CONS VILA RICA,"(-51.1186, -10.0137)",6.0,,,,,
CONS SERTANEJA,"(-50.8317, -23.0361)",4.0,,,,,
CONS FLORINIA,"(-50.6814, -22.868)",26.0,,,,,
CONS PEDRA AZUL,"(-41.2909, -16.0086)",4.0,,,,,
CONS ICEM,"(-49.1915, -20.3391)",2.0,,,,,
CONS BRUMADO,"(-41.6696, -14.2021)",20.0,7.933,0.243,30.0,7.949,0.406
CONS RIACHAO DAS NEVES,"(-44.9143, -11.7508)",9.0,,,,,
CONS BEBERIBE,"(-38.1271, -4.17741)",13.0,,,,,
CONS ITAQUIRAI,"(-54.187, -23.4779)",5.0,,,,,
CONS NAVIRAI,"(-54.1995, -23.0618)",5.0,,,,,
CONS JANDAIRA,"(-37.7853, -11.5616)",1.0,,,,,
CONS PARACATU,"(-46.8711, -17.2252)",15.0,7.829,0.171,34.0,7.493,0.368
CONS VARGEM,"(-46.4124, -22.887)",3.0,,,,,
CONS ANASTACIO,"(-55.8104, -20.4823)",7.0,,,,,
CONS JARDIM,"(-56.1489, -21.4799)",7.0,,,,,
CONS FORMOSO DO ARAGUAIA,"(-49.5316, -11.7976)",5.0,,,,,
CONS TAGUATINGA,"(-46.437, -12.4026)",5.0,,,,,
CONS JAU,"(-48.5592, -22.2936)",37.0,6.604,0.285,54.0,6.878,0.364
CONS SAO PEDRO,"(-47.9096, -22.5483)",24.0,,,,,
CONS PEDRO CANARIO,"(-39.9574, -18.3004)",6.0,,,,,
CONS VOTUPORANGA,"(-49.9781, -20.4237)",28.0,6.854,0.207,55.0,7.101,0.391
CONS ARARIPINA,"(-40.494, -7.57073)",35.0,7.94,0.148,36.0,,
CONS SALGUEIRO,"(-39.1247, -8.07373)",15.0,7.861,0.15,31.0,,
CONS MAFRA,"(-49.8086, -26.1159)",19.0,6.934,0.302,28.0,7.178,0.388
CONS CAPAO ALTO,"(-50.5098, -27.9389)",19.0,,,,,
CONS RIO NEGRO,"(-49.7982, -26.095)",14.0,,,,,
CONS TARUMIRIM,"(-42.0097, -19.2835)",6.0,,,,,
CONS IPATINGA,"(-42.5476, -19.4703)",6.0,7.636,0.119,52.0,7.06,0.385
CONS SONORA,"(-54.7551, -17.5698)",4.0,,,,,
CONS IUNA,"(-41.5334, -20.3531)",7.0,,,,,
CONS CACHOEIRA DOS INDIOS,"(-38.676, -6.91353)",5.0,,,,,
CONS VALPARAISO DE GOIAS,"(-47.9757, -16.0651)",28.0,7.623,0.26,36.0,7.26,0.456
CONS BONFIM,"(-59.8333, 3.36161)",5.0,,,,,
CONS ILHEUS,"(-39.046, -14.793)",38.0,8.154,0.122,47.0,8.077,0.449
CONS AGUAS DA PRATA,"(-46.7176, -21.9319)",5.0,,,,,
CONS PICOS,"(-41.467, -7.07721)",36.0,7.656,0.165,36.0,7.354,0.305
CONS ACAUA,"(-41.0831, -8.21954)",36.0,,,,,
CONS BATATAIS,"(-47.5921, -20.8929)",16.0,,,,,
CONS COMENDADOR LEVY GASPARIAN,"(-43.214, -22.0404)",3.0,,,,,
CONS FOZ DO IGUACU,"(-54.5827, -25.5427)",59.0,7.14,0.221,76.0,7.036,0.38
CONS PARANAGUA,"(-48.5225, -25.5161)",59.0,7.095,0.151,37.0,7.031,0.467
CONS MATA GRANDE,"(-37.7323, -9.11824)",5.0,,,,,
CONS XAMBIOA,"(-48.532, -6.4141)",3.0,,,,,
CONS VARGEM GRANDE DO SUL,"(-46.8913, -21.8322)",11.0,,,,,
CONS SAO CARLOS,"(-47.886, -22.0174)",11.0,6.922,0.158,105.0,6.996,0.385
CONS QUELUZ,"(-44.7781, -22.5312)",5.0,,,,,
CONS NOVA LONDRINA,"(-52.9868, -22.7639)",7.0,,,,,
CONS MOCOCA,"(-47.0024, -21.4647)",24.0,7.034,0.153,43.0,7.039,0.389
CONS VIRADOURO,"(-48.293, -20.8734)",6.0,,,,,
CONS AFRANIO,"(-41.0095, -8.51136)",5.0,,,,,
CONS NOVA LIMA,"(-43.8509, -19.9758)",20.0,7.656,0.095,21.0,7.65,0.0
CONS SANTO ANTONIO DO DESCOBERTO,"(-48.2578, -15.9412)",10.0,,,,,
CONS ATALAIA,"(-36.0086, -9.5119)",8.0,,,,,
CONS MARECHAL DEODORO,"(-35.8967, -9.70971)",8.0,,,,,
CONS MATARACA,"(-35.0531, -6.59673)",1.0,,,,,
CONS CAMPINA GRANDE DO SUL,"(-49.0551, -25.3044)",14.0,,,,,
CONS OUROESTE,"(-50.3768, -20.0061)",5.0,,,,,
CONS CRUZEIRO DO OESTE,"(-53.0774, -23.7799)",9.0,,,,,
CONS ARAGUATINS,"(-48.1232, -5.64659)",4.0,,,,,
CONS MARTINOPOLIS,"(-51.1709, -22.1462)",8.0,,,,,
CONS PANORAMA,"(-51.8562, -21.354)",5.0,,,,,
CONS GARUVA,"(-48.852, -26.0292)",3.0,,,,,
CONS PASSO DE TORRES,"(-49.722, -29.3099)",3.0,,,,,
CONS COTIA,"(-46.919, -23.6022)",42.0,6.78,0.264,52.0,7.167,0.396
CONS MOGI MIRIM,"(-46.9532, -22.4332)",24.0,6.681,0.337,53.0,7.028,0.447
CONS TORRES,"(-49.7333, -29.3334)",16.0,6.874,0.275,20.0,6.992,0.436
CONS ARAGUARI,"(-48.1934, -18.6456)",33.0,7.488,0.121,75.0,7.211,0.381
CONS SERTAOZINHO,"(-47.9875, -21.1316)",26.0,6.916,0.177,55.0,7.226,0.332
CONS SENGES,"(-49.4616, -24.1129)",3.0,,,,,
CONS RIO BONITO,"(-42.6276, -22.7181)",15.0,7.615,0.229,24.0,6.978,0.636
CONS GUARANI DE GOIAS,"(-46.4868, -13.9421)",2.0,,,,,
CONS RIO CLARO,"(-47.5546, -22.3984)",44.0,6.685,0.199,59.0,7.062,0.381
CONS PRESIDENTE EPITACIO,"(-52.1111, -21.7651)",13.0,,,,,
CONS ITAPIRA,"(-46.8224, -22.4357)",16.0,6.654,0.325,44.0,7.086,0.387
CONS IGARAPAVA,"(-47.7466, -20.0407)",10.0,,,,,
CONS CHARQUEADA,"(-47.7755, -22.5096)",3.0,,,,,
CONS CASTILHO,"(-51.4884, -20.8689)",6.0,,,,,
CONS CRISTAIS PAULISTA,"(-47.4209, -20.4036)",4.0,,,,,
CONS ITIRAPINA,"(-47.8166, -22.2562)",5.0,,,,,
CONS RUBINEIA,"(-51.007, -20.1759)",2.0,,,,,
