,position,refino,distribuicao,postos,custo_gasolina,desvio_gasolina,postos_preco,custo_diesel,desvio_diesel
SAO FRANCISCO DO CONDE,"(-38.6786, -12.6183)",1.0,1.0,3.0,,,,,
CANDEIAS,"(-38.5472, -12.6716)",1.0,1.0,10.0,,,,,
ITABUNA,"(-39.2781, -14.7876)",1.0,1.0,30.0,8.123,0.093,62.0,7.69,0.336
JEQUIE,"(-40.0877, -13.8509)",1.0,1.0,40.0,7.858,0.104,45.0,7.858,0.495
BARREIRAS,"(-44.9968, -12.1439)",1.0,,40.0,7.908,0.167,37.0,7.729,0.512
CAMACARI,"(-38.3263, -12.6996)",1.0,1.0,48.0,7.802,0.21,48.0,7.55,0.466
LARANJEIRAS,"(-37.1731, -10.7981)",1.0,1.0,2.0,,,,,
JUAZEIRO,"(-40.5033, -9.41622)",1.0,1.0,46.0,8.14,0.152,40.0,7.66,0.408
MONTES CLAROS,"(-43.8578, -16.7282)",1.0,1.0,58.0,7.402,0.203,66.0,7.024,0.408
TEIXEIRA DE FREITAS,"(-39.74, -17.5399)",1.0,,28.0,8.319,0.198,31.0,7.809,0.359
LUIS EDUARDO MAGALHAES,"(-45.7866, -12.0956)",1.0,1.0,33.0,,,,,
FORTALEZA,"(-38.5423, -3.71664)",1.0,1.0,321.0,7.46,0.326,505.0,7.546,0.359
MARACANAU,"(-38.6259, -3.86699)",1.0,1.0,44.0,7.296,0.357,50.0,7.53,0.339
IPOJUCA,"(-35.0609, -8.39303)",1.0,1.0,10.0,,,,,
CRATO,"(-39.4103, -7.2153)",1.0,1.0,40.0,7.734,0.107,49.0,7.579,0.311
CHA DE ALEGRIA,"(-35.204, -8.00679)",1.0,1.0,3.0,,,,,
CABEDELO,"(-34.8284, -6.98731)",1.0,1.0,12.0,7.159,0.111,22.0,7.166,0.679
GUAMARE,"(-36.3222, -5.10619)",1.0,1.0,4.0,,,,,
NATAL,"(-35.1986, -5.79357)",1.0,1.0,107.0,7.549,0.279,99.0,7.393,0.453
SAO LUIS,"(-44.2825, -2.53874)",1.0,1.0,153.0,6.972,0.143,215.0,7.025,0.354
ACAILANDIA,"(-47.5004, -4.94714)",1.0,1.0,29.0,7.435,0.157,40.0,7.311,0.392
TERESINA,"(-42.8034, -5.09194)",1.0,,203.0,7.941,0.167,185.0,7.442,0.351
MANAUS,"(-60.0212, -3.11866)",1.0,1.0,306.0,7.272,0.183,164.0,7.174,0.403
ITACOATIARA,"(-58.4449, -3.13861)",1.0,1.0,33.0,7.872,0.129,48.0,8.005,0.438
BELEM,"(-48.4898, -1.4554)",1.0,1.0,117.0,7.134,0.136,85.0,,
PORTO VELHO,"(-63.8999, -8.76077)",1.0,,119.0,7.166,0.208,110.0,7.448,0.423
CRUZEIRO DO SUL,"(-72.6756, -7.62762)",1.0,,30.0,7.925,0.187,50.0,8.555,0.323
CARACARAI,"(-61.1304, 1.82766)",1.0,,5.0,,,,,
SANTAREM,"(-54.6996, -2.43849)",1.0,,70.0,7.283,0.189,48.0,7.513,0.375
VILHENA,"(-60.1488, -12.7502)",1.0,1.0,30.0,7.6,0.088,31.0,7.776,0.361
SINOP,"(-55.5091, -11.8604)",1.0,1.0,43.0,7.12,0.181,47.0,7.487,0.414
CUIABA,"(-56.0974, -15.601)",1.0,1.0,134.0,6.882,0.157,315.0,7.296,0.354
VARZEA GRANDE,"(-56.1322, -15.6458)",1.0,,2.0,6.768,0.164,84.0,7.21,0.401
RIO BRANCO,"(-67.8243, -9.97499)",1.0,,57.0,7.591,0.13,140.0,7.936,0.347
MACAPA,"(-51.0694, 0.034934)",1.0,,77.0,6.404,0.257,95.0,7.097,0.396
BETIM,"(-44.2008, -19.9668)",1.0,1.0,52.0,7.435,0.145,44.0,7.112,0.375
VITORIA,"(-40.3128, -20.3155)",1.0,1.0,46.0,7.344,0.164,83.0,7.102,0.459
RIO DE JANEIRO,"(-43.2003, -22.9129)",1.0,1.0,656.0,7.656,0.23,356.0,7.057,0.435
ARUJA,"(-46.32, -23.3965)",1.0,1.0,18.0,,,,,
BARRA MANSA,"(-44.1752, -22.5481)",1.0,1.0,30.0,7.901,0.194,50.0,7.245,0.383
DUQUE DE CAXIAS,"(-43.3049, -22.7858)",1.0,1.0,89.0,7.613,0.201,90.0,6.994,0.349
PAULINIA,"(-47.1488, -22.7542)",1.0,1.0,25.0,6.759,0.127,67.0,6.976,0.375
GUARAREMA,"(-46.0369, -23.4112)",1.0,,7.0,,,,,
RIBEIRAO PRETO,"(-47.8099, -21.1699)",1.0,1.0,177.0,6.806,0.212,133.0,7.044,0.408
ALTO TAQUARI,"(-53.2792, -17.8241)",1.0,,2.0,,,,,
BAURU,"(-49.0871, -22.3246)",1.0,1.0,88.0,6.754,0.27,107.0,6.983,0.382
BARUERI,"(-46.879, -23.5057)",1.0,1.0,54.0,7.006,0.459,85.0,6.99,0.283
CAMPO GRANDE,"(-54.6295, -20.4486)",1.0,1.0,1.0,6.852,0.174,172.0,6.95,0.32
SAO JOSE DOS CAMPOS,"(-45.8841, -23.1896)",1.0,1.0,129.0,6.578,0.19,68.0,6.887,0.404
GUARULHOS,"(-46.5333, -23.4538)",1.0,1.0,163.0,6.87,0.235,100.0,6.965,0.351
UBERABA,"(-47.9381, -19.7472)",1.0,1.0,74.0,7.476,0.202,92.0,7.211,0.392
ARACATUBA,"(-50.4401, -21.2076)",1.0,1.0,59.0,6.89,0.266,113.0,7.12,0.379
SANTOS,"(-46.335, -23.9535)",1.0,1.0,65.0,7.127,0.282,56.0,7.18,0.392
SAO CAETANO DO SUL,"(-46.5548, -23.6229)",1.0,1.0,38.0,6.965,0.311,46.0,6.957,0.555
CUBATAO,"(-46.424, -23.8911)",1.0,1.0,13.0,7.365,0.231,24.0,7.403,0.394
SAO PAULO,"(-46.6395, -23.5329)",1.0,1.0,1619.0,6.882,0.474,686.0,6.965,0.435
OURINHOS,"(-49.8697, -22.9797)",1.0,1.0,25.0,6.851,0.397,75.0,7.12,0.434
ARAUCARIA,"(-49.4047, -25.5859)",1.0,1.0,15.0,7.183,0.212,40.0,6.965,0.348
CASCAVEL,"(-53.459, -24.9573)",1.0,1.0,16.0,7.225,0.217,66.0,7.07,0.371
LONDRINA,"(-51.1691, -23.304)",1.0,1.0,109.0,7.212,0.317,84.0,7.138,0.305
MARINGA,"(-51.9333, -23.4205)",1.0,1.0,85.0,7.266,0.195,68.0,6.96,0.463
GUARAMIRIM,"(-49.0026, -26.4688)",1.0,1.0,9.0,,,,,
ASSIS CHATEAUBRIAND,"(-53.5213, -24.4168)",1.0,,19.0,7.026,0.263,39.0,6.915,0.412
CAMPO LARGO,"(-49.529, -25.4525)",1.0,,23.0,7.39,0.161,30.0,6.911,0.394
CIANORTE,"(-52.6054, -23.6599)",1.0,1.0,28.0,7.054,0.227,38.0,6.911,0.363
GUARAPUAVA,"(-51.4623, -25.3902)",1.0,1.0,50.0,6.583,0.21,69.0,6.949,0.407
IGUATEMI,"(-54.5637, -23.6736)",1.0,,3.0,,,,,
NOVA ESPERANCA,"(-52.2031, -23.182)",1.0,,8.0,,,,,
PINHAIS,"(-49.1927, -25.4429)",1.0,1.0,20.0,7.275,0.226,40.0,7.153,0.383
PONTA GROSSA,"(-50.1668, -25.0916)",1.0,,68.0,7.234,0.157,74.0,6.961,0.393
RENASCENCA,"(-52.9703, -26.1588)",1.0,1.0,2.0,,,,,
SAO MATEUS DO SUL,"(-50.384, -25.8677)",1.0,,12.0,,,,,
UMUARAMA,"(-53.3201, -23.7656)",1.0,1.0,46.0,7.096,0.121,41.0,6.926,0.357
PARANAGUA,"(-48.5225, -25.5161)",1.0,1.0,28.0,7.095,0.151,37.0,7.031,0.467
CANOAS,"(-51.1857, -29.9128)",1.0,1.0,69.0,6.606,0.16,85.0,6.778,0.357
ESTEIO,"(-51.1841, -29.852)",1.0,1.0,18.0,6.687,0.223,45.0,6.83,0.419
SANTA MARIA,"(-53.8149, -29.6868)",1.0,1.0,3.0,7.215,0.2,40.0,7.258,0.447
PASSO FUNDO,"(-52.4091, -28.2576)",1.0,1.0,48.0,6.973,0.138,45.0,7.004,0.404
TUBARAO,"(-49.0144, -28.4713)",1.0,1.0,33.0,6.808,0.162,40.0,7.017,0.376
CRUZ ALTA,"(-53.6048, -28.645)",1.0,1.0,22.0,7.234,0.106,45.0,6.928,0.377
IJUI,"(-53.92, -28.388)",1.0,1.0,28.0,7.021,0.148,29.0,7.154,0.372
RIO GRANDE,"(-52.1071, -32.0349)",1.0,1.0,43.0,6.874,0.164,67.0,7.22,0.401
LAGES,"(-50.3259, -27.815)",1.0,1.0,41.0,7.293,0.232,45.0,7.067,0.368
ICARA,"(-49.3087, -28.7132)",1.0,,23.0,,,,,
TRIUNFO,"(-51.7075, -29.9291)",1.0,1.0,3.0,,,,,
MARABA,"(-49.1327, -5.38075)",1.0,,65.0,7.436,0.215,70.0,7.595,0.42
ITAITUBA,"(-55.9926, -4.2667)",1.0,,38.0,7.232,0.171,27.0,7.301,0.321
SENADOR GUIOMARD,"(-67.7362, -10.1497)",1.0,,6.0,,,,,
BOA VISTA,"(-60.6753, 2.82384)",1.0,,71.0,7.066,0.095,57.0,7.525,0.366
RONDONOPOLIS,"(-54.6372, -16.4673)",1.0,1.0,67.0,6.983,0.126,114.0,7.457,0.34
PRESIDENTE PRUDENTE,"(-51.3925, -22.1207)",1.0,1.0,68.0,6.898,0.217,86.0,7.244,0.363
UBERLANDIA,"(-48.2749, -18.9141)",1.0,1.0,150.0,7.312,0.17,155.0,7.127,0.401
PASSOS,"(-46.609, -20.7193)",1.0,,30.0,7.23,0.277,36.0,7.112,0.396
SARANDI,"(-51.876, -23.4441)",1.0,1.0,11.0,,,,,
ITAJAI,"(-48.6705, -26.9101)",1.0,1.0,51.0,7.027,0.118,35.0,7.34,0.563
IRANI,"(-51.9012, -27.0287)",1.0,,4.0,,,,,
CHAPECO,"(-52.6152, -27.1004)",1.0,,45.0,6.992,0.113,36.0,6.945,0.307
PORTO NACIONAL,"(-48.408, -10.7027)",1.0,1.0,20.0,7.569,0.169,23.0,7.276,0.369
SENADOR CANEDO,"(-49.0914, -16.7084)",1.0,1.0,26.0,,,,,
BIGUACU,"(-48.6598, -27.496)",1.0,1.0,16.0,7.206,0.251,44.0,7.145,0.361
BRASILIA,"(-47.9297, -15.7795)",1.0,1.0,342.0,7.478,0.273,226.0,7.183,0.411
GOIANIA,"(-49.2643, -16.6864)",1.0,1.0,313.0,7.341,0.255,218.0,7.111,0.413
BARRA DO GARCAS,"(-52.264, -15.8804)",1.0,,27.0,,,,,
BARRO ALTO,"(-48.9086, -14.9658)",1.0,,4.0,,,,,
GURUPI,"(-49.068, -11.7279)",1.0,1.0,28.0,7.526,0.143,44.0,7.285,0.315
NIQUELANDIA,"(-48.4599, -14.4662)",1.0,,10.0,,,,,
JARDINOPOLIS,"(-47.7606, -21.0176)",,1.0,10.0,,,,,
MONTENEGRO,"(-51.4679, -29.6824)",,1.0,23.0,,,,,
PEDREIRAS,"(-44.6006, -4.56482)",,1.0,10.0,,,,,
VILA VELHA,"(-40.2875, -20.3417)",,1.0,68.0,7.319,0.172,62.0,6.901,0.389
SERRA,"(-40.3074, -20.121)",,1.0,60.0,7.195,0.127,57.0,6.923,0.407
BRUSQUE,"(-48.9107, -27.0977)",,1.0,32.0,7.272,0.109,40.0,7.245,0.399
PARNAMIRIM,"(-39.5795, -8.08729)",,1.0,41.0,7.494,0.229,49.0,7.509,0.358
CURITIBA,"(-49.2646, -25.4195)",,1.0,334.0,7.225,0.331,219.0,6.94,0.379
CABO DE SANTO AGOSTINHO,"(-35.0253, -8.28218)",,1.0,15.0,7.294,0.229,30.0,7.013,0.286
CORONEL BARROS,"(-54.0686, -28.3921)",,1.0,2.0,,,,,
FEIRA DE SANTANA,"(-38.9663, -12.2664)",,1.0,114.0,7.811,0.247,90.0,7.569,0.361
BAGE,"(-54.0999, -31.3297)",,1.0,26.0,7.93,0.171,45.0,7.541,0.387
LAJEADO,"(-48.3565, -9.74996)",,1.0,2.0,6.835,0.128,24.0,6.687,0.362
RECIFE,"(-34.8771, -8.04666)",,1.0,189.0,7.348,0.222,138.0,,
MARECHAL DEODORO,"(-35.8967, -9.70971)",,1.0,9.0,,,,,
MACEIO,"(-35.735, -9.66599)",,1.0,127.0,7.286,0.295,93.0,7.452,0.527
JARAGUA DO SUL,"(-49.0713, -26.4851)",,1.0,37.0,6.861,0.261,56.0,7.15,0.45
NOSSA SENHORA DO SOCORRO,"(-37.1231, -10.8468)",,1.0,15.0,7.354,0.116,43.0,7.357,0.502
VOLTA REDONDA,"(-44.0996, -22.5202)",,1.0,39.0,7.893,0.151,28.0,7.188,0.429
SALVADOR,"(-38.5011, -12.9718)",,1.0,206.0,7.858,0.257,390.0,7.581,0.489
SANTO ANDRE,"(-46.5432, -23.6737)",,1.0,1.0,6.956,0.278,104.0,7.128,0.469
SAO JOSE DO RIO PRETO,"(-49.3758, -20.8113)",,1.0,122.0,6.735,0.155,114.0,7.006,0.364
CAXIAS DO SUL,"(-51.1792, -29.1629)",,1.0,99.0,6.953,0.156,60.0,7.159,0.397
CHOROZINHO,"(-38.4986, -4.28873)",,1.0,4.0,,,,,
GOIANESIA,"(-49.1162, -15.3118)",,1.0,16.0,,,,,
ARAXA,"(-46.9438, -19.5902)",,1.0,29.0,7.664,0.165,44.0,7.276,0.373
SAO LUIS GONZAGA DO MARANHAO,"(-44.6654, -4.38541)",,1.0,3.0,,,,,
VITORIA DE SANTO ANTAO,"(-35.2976, -8.12819)",,1.0,22.0,7.22,0.177,24.0,7.383,0.092
BARRETOS,"(-48.5698, -20.5531)",,1.0,37.0,7.319,0.437,69.0,7.383,0.419
SANTA HELENA DE GOIAS,"(-50.5977, -17.8115)",,1.0,12.0,,,,,
NOSSA SENHORA DAS GRACAS,"(-51.7978, -22.9129)",,1.0,2.0,,,,,
MOSSORO,"(-37.3474, -5.18374)",,1.0,62.0,7.675,0.11,66.0,7.238,0.354
SANTA TEREZA DE GOIAS,"(-49.0144, -13.7138)",,1.0,3.0,,,,,
ITAPACI,"(-49.5511, -14.9522)",,1.0,6.0,,,,,
EDEIA,"(-49.9295, -17.3406)",,1.0,5.0,,,,,
ITUMBIARA,"(-49.2158, -18.4093)",,1.0,35.0,7.513,0.335,68.0,7.193,0.404
OURIZONA,"(-52.1964, -23.4053)",,1.0,1.0,,,,,
ITUIUTABA,"(-49.4639, -18.9772)",,1.0,33.0,7.484,0.146,54.0,7.114,0.409
EIRUNEPE,"(-69.8662, -6.65677)",,1.0,9.0,,,,,
RIO CLARO,"(-47.5546, -22.3984)",,1.0,44.0,6.685,0.199,59.0,7.062,0.381
PEDRO GOMES,"(-54.5507, -18.0996)",,1.0,4.0,,,,,
CAARAPO,"(-54.8209, -22.6368)",,1.0,7.0,,,,,
PATROCINIO PAULISTA,"(-47.2801, -20.6384)",,1.0,5.0,,,,,
RIO BRANCO DO SUL,"(-49.3115, -25.1892)",,1.0,5.0,,,,,
JUSSARA,"(-50.8668, -15.8659)",,1.0,5.0,,,,,
PALMAS DE MONTE ALTO,"(-43.1609, -14.2676)",,1.0,3.0,,,,,
RIO VERDE,"(-50.9192, -17.7923)",,1.0,61.0,7.414,0.16,64.0,7.258,0.411
ARAGUAINA,"(-48.2044, -7.19238)",,1.0,40.0,7.427,0.114,20.0,6.998,0.371
ARMACAO DOS BUZIOS,"(-41.8846, -22.7528)",,1.0,9.0,,,,,
CABO FRIO,"(-42.0286, -22.8894)",,1.0,27.0,8.003,0.147,30.0,7.236,0.397
QUIXADA,"(-39.0155, -4.9663)",,1.0,20.0,7.438,0.252,10.0,7.29,0.424
PIRAJU,"(-49.3803, -23.1981)",,1.0,11.0,,,,,
SAO SEBASTIAO DA BOA VISTA,"(-49.5249, -1.71597)",,1.0,7.0,,,,,
PRATA,"(-48.9276, -19.3086)",,1.0,1.0,,,,,
ANAPOLIS,"(-48.953, -16.3281)",,1.0,84.0,7.329,0.19,59.0,7.114,0.378
TUCURUI,"(-49.6773, -3.7657)",,1.0,15.0,,,,,
PIRACANJUBA,"(-49.017, -17.302)",,1.0,9.0,,,,,
ANASTACIO,"(-55.8104, -20.4823)",,1.0,7.0,,,,,
BREU BRANCO,"(-49.5735, -3.77191)",,1.0,9.0,,,,,
CAUCAIA,"(-38.6619, -3.72797)",,1.0,52.0,7.392,0.309,105.0,7.546,0.353
PAULO RAMOS,"(-45.2398, -4.44485)",,1.0,5.0,,,,,
RANCHARIA,"(-50.893, -22.2269)",,1.0,12.0,,,,,
RIACHAO DAS NEVES,"(-44.9143, -11.7508)",,1.0,9.0,,,,,
SAO JOSE DE RIBAMAR,"(-44.0597, -2.54704)",,1.0,35.0,6.945,0.116,45.0,7.096,0.303
CAXIAS,"(-43.3617, -4.86505)",,1.0,29.0,7.14,0.146,35.0,7.216,0.322
RAUL SOARES,"(-42.4502, -20.1061)",,1.0,7.0,,,,,
SIMOES FILHO,"(-38.4029, -12.7866)",,1.0,18.0,7.939,0.045,36.0,7.684,0.495
TARABAI,"(-51.5621, -22.3016)",,1.0,3.0,,,,,
ITAPARICA,"(-38.68, -12.8932)",,1.0,3.0,,,,,
PALHOCA,"(-48.6697, -27.6455)",,1.0,36.0,7.302,0.187,63.0,7.222,0.375
DAMOLANDIA,"(-49.3631, -16.2544)",,1.0,1.0,,,,,
BENEDITO NOVO,"(-49.3593, -26.781)",,1.0,4.0,,,,,
SAO BENTO DO SUL,"(-49.3831, -26.2495)",,1.0,18.0,,,,,
BOM JESUS DE GOIAS,"(-49.74, -18.2173)",,1.0,,,,,,
BRAZABRANTES,"(-49.3863, -16.4281)",,1.0,2.0,,,,,
LEOPOLDO DE BULHOES,"(-48.7428, -16.619)",,1.0,3.0,,,,,
BAIANOPOLIS,"(-44.5388, -12.3016)",,1.0,7.0,,,,,
FLORIDA PAULISTA,"(-51.1724, -21.6127)",,1.0,3.0,,,,,
COTRIGUACU,"(-58.4192, -9.85656)",,1.0,6.0,,,,,
DIONISIO CERQUEIRA,"(-53.6351, -26.2648)",,,4.0,,,,,
SAO MIGUEL DO OESTE,"(-53.5163, -26.7242)",,,13.0,,,,,
GUARACIABA,"(-53.5243, -26.6042)",,,2.0,,,,,
BARRACAO,"(-53.6324, -26.2502)",,,6.0,,,,,
TANGARA,"(-51.2473, -27.0996)",,,4.0,,,,,
CONCORDIA,"(-52.026, -27.2335)",,,20.0,7.426,0.172,30.0,7.386,0.333
SAO JERONIMO,"(-51.7251, -29.9716)",,,6.0,,,,,
CAMPOS NOVOS,"(-51.2276, -27.4002)",,,10.0,,,,,
BARROS CASSAL,"(-52.5836, -29.0947)",,,2.0,,,,,
VERA CRUZ,"(-52.5152, -29.7184)",,,1.0,,,,,
VENANCIO AIRES,"(-52.1932, -29.6143)",,,27.0,,,,,
IBIRUBA,"(-53.0961, -28.6302)",,,6.0,,,,,
ENCANTADO,"(-51.8703, -29.2351)",,,9.0,,,,,
MANCIO LIMA,"(-72.8997, -7.61657)",,,6.0,,,,,
RODRIGUES ALVES,"(-72.661, -7.73864)",,,3.0,,,,,
PORTO ACRE,"(-67.5478, -9.58138)",,,7.0,,,,,
MORRO DO CHAPEU,"(-41.1565, -11.5488)",,,12.0,,,,,
SEABRA,"(-41.7722, -12.4169)",,,13.0,,,,,
PIRITIBA,"(-40.5587, -11.73)",,,7.0,,,,,
QUIPAPA,"(-36.0137, -8.81175)",,,5.0,,,,,
GARANHUNS,"(-36.4966, -8.88243)",,,36.0,7.2,0.197,48.0,7.29,0.566
CORRENTES,"(-36.3244, -9.12117)",,,3.0,,,,,
SAO JOSE DA LAJE,"(-36.0515, -9.01278)",,,3.0,,,,,
XEXEU,"(-35.6212, -8.8046)",,,2.0,,,,,
EXU,"(-39.7238, -7.50364)",,,9.0,,,,,
OURICURI,"(-40.08, -7.87918)",,,19.0,,,,,
JUAZEIRO DO NORTE,"(-39.3076, -7.19621)",,,63.0,7.572,0.243,41.0,7.544,0.445
FARIAS BRITO,"(-39.5651, -6.92146)",,,7.0,,,,,
LAGOA GRANDE,"(-40.2767, -8.99452)",,,7.0,,,,,
BURITICUPU,"(-46.4409, -4.32375)",,,19.0,,,,,
ALTO PARNAIBA,"(-45.9303, -9.10273)",,,4.0,,,,,
PALMARES,"(-35.589, -8.68423)",,,10.0,,,,,
BARREIROS,"(-35.1832, -8.81605)",,,3.0,,,,,
CARMO,"(-42.6046, -21.931)",,,4.0,,,,,
NOVA FRIBURGO,"(-42.5377, -22.2932)",,,38.0,7.776,0.191,68.0,7.026,0.303
TERESOPOLIS,"(-42.9752, -22.4165)",,,35.0,7.534,0.193,56.0,,
SANTO ANTONIO DE PADUA,"(-42.1832, -21.541)",,,12.0,7.813,0.134,20.0,6.904,0.304
ALEM PARAIBA,"(-42.7176, -21.8797)",,,8.0,,,,,
SIMAO PEREIRA,"(-43.3088, -21.964)",,,1.0,,,,,
RESENDE,"(-44.4509, -22.4705)",,,22.0,7.731,0.129,54.0,7.105,0.317
ITABORAI,"(-42.8639, -22.7565)",,,31.0,7.578,0.189,36.0,7.03,0.399
ACRELANDIA,"(-66.8972, -9.82581)",,,3.0,,,,,
PALMEIRANTE,"(-47.9242, -7.84786)",,,1.0,,,,,
COUTO MAGALHAES,"(-49.2473, -8.28411)",,,,,,,,
FILADELFIA,"(-47.4954, -7.33501)",,,3.0,,,,,
CONCEICAO DO ARAGUAIA,"(-49.2689, -8.26136)",,,15.0,8.067,0.247,24.0,7.951,0.381
GUARAI,"(-48.5114, -8.83543)",,,4.0,,,,,
PANTANO GRANDE,"(-52.3729, -30.1902)",,,4.0,,,,,
CANGUCU,"(-52.6783, -31.396)",,,25.0,,,,,
ELISEU MARTINS,"(-43.6705, -8.09629)",,,3.0,,,,,
SAO JOAO DO PIAUI,"(-42.2559, -8.35466)",,,10.0,,,,,
BERTOLINIA,"(-43.9498, -7.63338)",,,4.0,,,,,
ARIQUEMES,"(-63.0325, -9.90571)",,,29.0,7.298,0.155,35.0,7.583,0.293
MONTE NEGRO,"(-63.29, -10.2458)",,,2.0,,,,,
INGA,"(-35.605, -7.28144)",,,3.0,,,,,
JURIPIRANGA,"(-35.2321, -7.36176)",,,1.0,,,,,
ALCANTIL,"(-36.0511, -7.73668)",,,1.0,,,,,
TANHACU,"(-41.2473, -14.0197)",,,5.0,,,,,
ANAGE,"(-41.1356, -14.6151)",,,7.0,,,,,
CARINHANHA,"(-43.7724, -14.2985)",,,7.0,,,,,
REDENCAO,"(-50.0317, -8.02529)",,,5.0,7.82,0.124,12.0,7.632,0.347
SAO GERALDO DO ARAGUAIA,"(-48.5592, -6.39471)",,,8.0,,,,,
SANTANA DO ARAGUAIA,"(-50.35, -9.3281)",,,15.0,,,,,
ABADIA DOS DOURADOS,"(-47.3916, -18.4831)",,,4.0,,,,,
ROMARIA,"(-47.5782, -18.8838)",,,2.0,,,,,
CATALAO,"(-47.944, -18.1656)",,,30.0,7.444,0.096,38.0,7.208,0.413
PATROCINIO,"(-46.9934, -18.9379)",,,23.0,7.736,0.219,35.0,7.388,0.392
COROMANDEL,"(-47.1933, -18.4734)",,,8.0,,,,,
PERDIZES,"(-47.2963, -19.3434)",,,6.0,,,,,
PATOS DE MINAS,"(-46.5013, -18.5699)",,,36.0,7.632,0.126,40.0,7.29,0.415
ITAPORANGA,"(-49.4819, -23.7043)",,,9.0,,,,,
CONCEICAO,"(-38.5014, -7.55106)",,,5.0,,,,,
MARIZOPOLIS,"(-38.3528, -6.82748)",,,2.0,,,,,
PERDOES,"(-45.0896, -21.0932)",,,9.0,,,,,
ARAPUA,"(-46.1484, -19.0268)",,,2.0,,,,,
MARACAS,"(-40.4323, -13.4355)",,,9.0,,,,,
JAGUAQUARA,"(-39.964, -13.5248)",,,15.0,8.084,0.159,27.0,7.677,0.404
UBAITABA,"(-39.3222, -14.303)",,,3.0,,,,,
AGUA DOCE,"(-51.5528, -26.9985)",,,5.0,,,,,
SANTA CECILIA,"(-50.4252, -26.9592)",,,2.0,,,,,
GENERAL CARNEIRO,"(-51.3172, -26.425)",,,4.0,,,,,
TUTOIA,"(-42.2755, -2.76141)",,,18.0,,,,,
BREJO,"(-42.7527, -3.67796)",,,16.0,,,,,
BURITI DOS LOPES,"(-41.8695, -3.18259)",,,7.0,,,,,
BARREIRINHAS,"(-42.8232, -2.75863)",,,13.0,,,,,
JATAI,"(-51.7204, -17.8784)",,,30.0,7.628,0.209,48.0,7.265,0.362
APORE,"(-51.9232, -18.9607)",,,1.0,,,,,
CHAPADAO DO CEU,"(-52.549, -18.4073)",,,3.0,,,,,
SAO SIMAO,"(-50.547, -18.996)",,,7.0,,,,,
ASSUNCAO,"(-36.725, -7.07231)",,,1.0,,,,,
TEIXEIRA,"(-37.2525, -7.22104)",,,4.0,,,,,
PARANA,"(-47.8734, -12.6167)",,,2.0,,,,,
JAU DO TOCANTINS,"(-48.589, -12.6509)",,,2.0,,,,,
GOVERNADOR NUNES FREIRE,"(-45.8777, -2.12899)",,,8.0,,,,,
ALCANTARA,"(-44.4062, -2.39574)",,,3.0,,,,,
INOCENCIA,"(-51.9281, -19.7277)",,,5.0,,,,,
AGUA CLARA,"(-52.879, -20.4452)",,,5.0,,,,,
CASSILANDIA,"(-51.7313, -19.1179)",,,5.0,,,,,
ITARUMA,"(-51.3485, -18.7646)",,,3.0,,,,,
BRASILANDIA,"(-52.0365, -21.2544)",,,3.0,,,,,
MONTIVIDIU DO NORTE,"(-48.6853, -13.3485)",,,3.0,,,,,
FORMOSO,"(-48.8775, -13.6499)",,,1.0,,,,,
PORANGATU,"(-49.1503, -13.4391)",,,18.0,7.929,0.096,18.0,7.503,0.367
TALISMA,"(-49.0896, -12.7949)",,,2.0,,,,,
ANGRA DOS REIS,"(-44.3196, -23.0011)",,,26.0,8.324,0.217,27.0,7.235,0.598
ITAGUAI,"(-43.7798, -22.8636)",,,17.0,7.757,0.319,28.0,7.222,0.677
SAO VICENTE DO SUL,"(-54.6826, -29.6882)",,,3.0,,,,,
ROSARIO DO SUL,"(-54.9221, -30.2515)",,,11.0,,,,,
SERTANIA,"(-37.2684, -8.06847)",,,14.0,,,,,
MONTEIRO,"(-37.1184, -7.88363)",,,8.0,,,,,
IBIMIRIM,"(-37.7032, -8.54026)",,,6.0,,,,,
FLORESTA,"(-38.5687, -8.60307)",,,4.0,,,,,
ITAIBA,"(-37.4173, -8.94569)",,,7.0,,,,,
INAJA,"(-37.8351, -8.90206)",,,3.0,,,,,
PARANAIBA,"(-51.1909, -19.6746)",,,12.0,,,,,
CARNEIRINHO,"(-50.6894, -19.6987)",,,6.0,,,,,
CACADOR,"(-51.012, -26.7757)",,,16.0,7.39,0.216,34.0,7.312,0.369
PORTO UNIAO,"(-51.0759, -26.2451)",,,9.0,,,,,
UNIAO DA VITORIA,"(-51.0873, -26.2273)",,,13.0,7.331,0.157,32.0,7.189,0.407
ARAGARCAS,"(-52.2372, -15.8955)",,,8.0,,,,,
PONTAL DO ARAGUAIA,"(-52.3273, -15.9274)",,,2.0,,,,,
MOITA BONITA,"(-37.3512, -10.5769)",,,2.0,,,,,
TOBIAS BARRETO,"(-37.9995, -11.1798)",,,6.0,,,,,
ITAPORANGA D'AJUDA,"(-37.3078, -10.99)",,,6.0,,,,,
ARACAJU,"(-37.0677, -10.9091)",,,81.0,7.283,0.143,84.0,7.34,0.212
PORTO REAL DO COLEGIO,"(-36.8376, -10.1849)",,,3.0,,,,,
JOIA,"(-54.1141, -28.6435)",,,4.0,,,,,
ALEGRETE,"(-55.7949, -29.7902)",,,18.0,7.143,0.247,28.0,7.233,0.395
SANTO ANGELO,"(-54.2668, -28.3001)",,,19.0,7.333,0.143,28.0,7.254,0.456
CURURUPU,"(-44.8644, -1.81475)",,,8.0,,,,,
PINHEIRO,"(-45.0788, -2.52224)",,,23.0,7.575,0.148,23.0,7.666,0.394
CAJAZEIRAS,"(-38.5577, -6.88004)",,,19.0,,,,,
LUIS GOMES,"(-38.3899, -6.40588)",,,2.0,,,,,
BREJINHO,"(-37.2865, -7.34694)",,,3.0,,,,,
FREDERICO WESTPHALEN,"(-53.3958, -27.3586)",,,11.0,,,,,
TRES PASSOS,"(-53.9296, -27.4555)",,,10.0,,,,,
PALMITOS,"(-53.1586, -27.0702)",,,8.0,,,,,
PALMEIRA DAS MISSOES,"(-53.3134, -27.9007)",,,10.0,,,,,
SANTO CRISTO,"(-54.662, -27.8263)",,,5.0,,,,,
COCALZINHO DE GOIAS,"(-48.7747, -15.7914)",,,6.0,,,,,
URUTAI,"(-48.2015, -17.4651)",,,1.0,,,,,
CONSELHEIRO LAFAIETE,"(-43.7846, -20.6634)",,,23.0,7.749,0.099,25.0,7.2,0.386
VICOSA,"(-42.8742, -20.7559)",,,1.0,7.633,0.121,26.0,7.92,0.0
SAO JOAO DEL REI,"(-44.2526, -21.1311)",,,19.0,7.516,0.162,20.0,7.299,0.398
BARBACENA,"(-43.7703, -21.2214)",,,26.0,7.519,0.164,30.0,7.31,0.318
MARIANA,"(-43.414, -20.3765)",,,8.0,,,,,
PONTE NOVA,"(-42.8978, -20.4111)",,,9.0,,,,,
DOM SILVERIO,"(-42.9627, -20.1627)",,,2.0,,,,,
ARENAPOLIS,"(-56.8437, -14.4472)",,,4.0,,,,,
BARRA DO BUGRES,"(-57.1878, -15.0702)",,,12.0,,,,,
DIAMANTINO,"(-56.4366, -14.4037)",,,9.0,,,,,
JANGADA,"(-56.4917, -15.235)",,,3.0,,,,,
JABOATAO DOS GUARARAPES,"(-35.015, -8.11298)",,,48.0,7.324,0.219,39.0,7.138,0.405
POUSO ALEGRE,"(-45.9389, -22.2266)",,,35.0,7.426,0.167,19.0,7.14,0.3
JACUTINGA,"(-46.6166, -22.286)",,,8.0,,,,,
DELFIM MOREIRA,"(-45.2792, -22.5036)",,,3.0,,,,,
UBA,"(-42.9359, -21.1204)",,,16.0,7.619,0.053,28.0,7.234,0.395
MERCES,"(-43.3337, -21.1976)",,,3.0,,,,,
VISCONDE DO RIO BRANCO,"(-42.8361, -21.0127)",,,9.0,,,,,
CARPINA,"(-35.2514, -7.84566)",,,8.0,,,,,
VERTENTES,"(-35.9681, -7.90158)",,,6.0,,,,,
CAAPORA,"(-34.9055, -7.51351)",,,3.0,,,,,
NOVO CABRAIS,"(-52.9489, -29.7338)",,,2.0,,,,,
PARAISO DO SUL,"(-53.144, -29.6717)",,,3.0,,,,,
ACEGUA,"(-54.1615, -31.8665)",,,5.0,,,,,
PALMAS,"(-48.3558, -10.24)",,,60.0,7.427,0.197,42.0,7.188,0.369
SILVANOPOLIS,"(-48.1694, -11.1471)",,,2.0,,,,,
SAO LOURENCO DO OESTE,"(-52.8498, -26.3557)",,,11.0,,,,,
CHOPINZINHO,"(-52.5173, -25.8515)",,,9.0,,,,,
CORONEL VIVIDA,"(-52.5641, -25.9767)",,,8.0,,,,,
ABAETE,"(-45.4444, -19.1551)",,,7.0,,,,,
PARA DE MINAS,"(-44.6114, -19.8534)",,,21.0,7.455,0.157,26.0,7.344,0.421
QUIRINOPOLIS,"(-50.4547, -18.4472)",,,15.0,,,,,
SANTA VITORIA,"(-50.1208, -18.8414)",,,6.0,,,,,
PLANURA,"(-48.7, -20.1376)",,,2.0,,,,,
NOVA PONTE,"(-47.6779, -19.1461)",,,4.0,,,,,
DELTA,"(-47.7841, -19.9721)",,,3.0,,,,,
CAPIM GROSSO,"(-40.0089, -11.3797)",,,14.0,,,,,
BOA VISTA DO TUPIM,"(-40.6064, -12.6498)",,,4.0,,,,,
CAMPANHA,"(-45.4004, -21.836)",,,8.0,,,,,
CAXAMBU,"(-44.9319, -21.9753)",,,8.0,,,,,
CRUZILIA,"(-44.8067, -21.84)",,,4.0,,,,,
ALFENAS,"(-45.9477, -21.4256)",,,28.0,7.683,0.246,30.0,7.269,0.336
POUSO ALTO,"(-44.9748, -22.1964)",,,4.0,,,,,
ITAMONTE,"(-44.868, -22.2859)",,,5.0,,,,,
TRES CORACOES,"(-45.2511, -21.6921)",,,17.0,7.904,0.28,28.0,7.616,0.441
PEIXE,"(-48.5395, -12.0254)",,,4.0,,,,,
ARAGUACU,"(-49.8231, -12.9289)",,,2.0,,,,,
TOLEDO,"(-53.7412, -24.7246)",,,2.0,6.992,0.204,38.0,7.034,0.378
SANTA HELENA,"(-54.336, -24.8585)",,,5.0,,,,,
MEDIANEIRA,"(-54.0943, -25.2977)",,,11.0,,,,,
SANTO ANTONIO DA PLATINA,"(-50.0815, -23.2959)",,,12.0,7.304,0.105,40.0,7.192,0.323
JAGUARIAIVA,"(-49.7066, -24.2439)",,,8.0,,,,,
SANTA CRUZ DO RIO PARDO,"(-49.6354, -22.8988)",,,17.0,7.11,0.302,45.0,7.123,0.412
IPIRANGA,"(-50.5794, -25.0238)",,,3.0,,,,,
ITAPETININGA,"(-48.0483, -23.5886)",,,33.0,6.952,0.49,61.0,7.294,0.418
ASSIS,"(-50.4183, -22.66)",,,33.0,6.994,0.424,120.0,7.296,0.495
MAZAGAO,"(-51.2891, -0.11336)",,,2.0,,,,,
TAILANDIA,"(-48.9489, -2.94584)",,,17.0,,,,,
TRES COROAS,"(-50.7739, -29.5137)",,,5.0,,,,,
GRAVATAI,"(-50.9869, -29.9413)",,,44.0,6.674,0.144,60.0,6.638,0.352
SAO FRANCISCO DE PAULA,"(-50.5828, -29.4404)",,,2.0,,,,,
NOVO HAMBURGO,"(-51.1328, -29.6875)",,,40.0,6.533,0.161,70.0,6.646,0.346
PORTO ALEGRE,"(-51.2065, -30.0318)",,,244.0,6.87,0.131,187.0,6.936,0.425
OSORIO,"(-50.2667, -29.8881)",,,27.0,6.856,0.157,24.0,6.883,0.367
TRAMANDAI,"(-50.1322, -29.9841)",,,7.0,,,,,
BALNEARIO PINHAL,"(-50.2337, -30.2419)",,,5.0,,,,,
MACAU,"(-36.6318, -5.10795)",,,7.0,,,,,
ITAJA,"(-36.8712, -5.63894)",,,4.0,,,,,
MADRE DE DEUS DE MINAS,"(-44.3287, -21.483)",,,2.0,,,,,
ESPERA FELIZ,"(-41.9119, -20.6508)",,,5.0,,,,,
FERVEDOURO,"(-42.279, -20.726)",,,3.0,,,,,
PATROCINIO DO MURIAE,"(-42.2125, -21.1544)",,,3.0,,,,,
MARTINS SOARES,"(-41.8786, -20.2546)",,,3.0,,,,,
MIMOSO DO SUL,"(-41.3615, -21.0628)",,,10.0,,,,,
BOM JESUS DA LAPA,"(-43.4108, -13.2506)",,,17.0,,,,,
CAETITE,"(-42.4861, -14.0684)",,,18.0,8.337,0.223,30.0,8.207,0.412
JABORANDI,"(-44.4255, -13.6071)",,,2.0,,,,,
CAPIVARI DO SUL,"(-50.5152, -30.1383)",,,2.0,,,,,
SAO JOSE DO NORTE,"(-52.0331, -32.0151)",,,6.0,,,,,
PRESIDENTE FIGUEIREDO,"(-60.0234, -2.02981)",,,8.0,,,,,
BORBA,"(-59.5874, -4.39154)",,,5.0,,,,,
NOVA VENECIA,"(-40.4053, -18.715)",,,12.0,,,,,
SAO DOMINGOS DO NORTE,"(-40.6281, -19.1452)",,,4.0,,,,,
BARRA DE SAO FRANCISCO,"(-40.8965, -18.7548)",,,11.0,,,,,
AIMORES,"(-41.0746, -19.5007)",,,8.0,,,,,
JOAO NEIVA,"(-40.386, -19.7577)",,,6.0,,,,,
COLATINA,"(-40.6269, -19.5493)",,,24.0,7.659,0.143,17.0,7.077,0.537
CONGONHAS,"(-43.851, -20.4958)",,,12.0,7.62,0.145,26.0,7.114,0.451
CONTAGEM,"(-44.0539, -19.9321)",,,96.0,7.393,0.128,84.0,7.046,0.363
APARECIDA DO RIO NEGRO,"(-47.9638, -9.94139)",,,3.0,,,,,
MANTENA,"(-40.9874, -18.7761)",,,9.0,,,,,
GALILEIA,"(-41.5387, -19.0005)",,,3.0,,,,,
ASSIS BRASIL,"(-69.5738, -10.9298)",,,1.0,,,,,
SAO GONCALO,"(-43.0634, -22.8268)",,,82.0,7.578,0.169,72.0,6.896,0.399
JAIBA,"(-43.6688, -15.3432)",,,6.0,,,,,
JANAUBA,"(-43.3132, -15.8022)",,,16.0,7.811,0.182,35.0,7.374,0.36
GUARDA-MOR,"(-47.0998, -17.7673)",,,3.0,,,,,
BOCA DO ACRE,"(-67.3919, -8.74232)",,,10.0,,,,,
LABREA,"(-64.7948, -7.26413)",,,9.0,,,,,
ARCOVERDE,"(-37.0577, -8.41519)",,,19.0,7.508,0.135,32.0,7.59,0.0
GENTIO DO OURO,"(-42.5077, -11.4342)",,,4.0,,,,,
XIQUE-XIQUE,"(-42.7245, -10.823)",,,7.0,,,,,
PALMITAL,"(-52.2029, -24.8853)",,,9.0,,,,,
LARANJEIRAS DO SUL,"(-52.4109, -25.4077)",,,8.0,,,,,
NOVA TEBAS,"(-51.9454, -24.438)",,,4.0,,,,,
CANDOI,"(-52.0409, -25.5758)",,,8.0,,,,,
UNAI,"(-46.9022, -16.3592)",,,18.0,7.942,0.215,49.0,7.531,0.343
BONFINOPOLIS DE MINAS,"(-45.9839, -16.568)",,,3.0,,,,,
ESPINOSA,"(-42.809, -14.9249)",,,9.0,,,,,
FRANCISCO SA,"(-43.4896, -16.4827)",,,9.0,,,,,
URANDI,"(-42.6498, -14.7678)",,,6.0,,,,,
IMBITUVA,"(-50.5989, -25.2285)",,,7.0,,,,,
SANTO ANTONIO DE JESUS,"(-39.2584, -12.9614)",,,14.0,7.941,0.089,28.0,7.672,0.355
NAZARE,"(-39.0108, -13.0235)",,,1.0,,,,,
RAFAEL JAMBEIRO,"(-39.5007, -12.4053)",,,13.0,,,,,
OLIVEIRA,"(-44.829, -20.6982)",,,15.0,7.419,0.202,45.0,7.192,0.326
GUARATINGUETA,"(-45.1938, -22.8075)",,,25.0,6.807,0.216,29.0,7.255,0.293
CUNHA,"(-44.9576, -23.0731)",,,9.0,,,,,
PARATY,"(-44.7175, -23.2221)",,,12.0,,,,,
UBATUBA,"(-45.0834, -23.4332)",,,28.0,6.944,0.152,45.0,7.34,0.3
MIRACATU,"(-47.4625, -24.2766)",,,9.0,,,,,
CARAGUATATUBA,"(-45.4125, -23.6125)",,,28.0,7.061,0.124,37.0,7.262,0.392
CAREIRO DA VARZEA,"(-59.5557, -3.314)",,,6.0,,,,,
CANUTAMA,"(-64.3953, -6.52582)",,,2.0,,,,,
SOLONOPOLE,"(-39.0107, -5.71894)",,,7.0,,,,,
QUIXELO,"(-39.2011, -6.24637)",,,6.0,,,,,
PEREIRO,"(-38.4624, -6.03576)",,,4.0,,,,,
SENADOR POMPEU,"(-39.3704, -5.58244)",,,4.0,,,,,
CAMBUQUIRA,"(-45.2896, -21.854)",,,6.0,,,,,
NOVA PRATA,"(-51.6113, -28.7799)",,,10.0,,,,,
CARAZINHO,"(-52.7933, -28.2958)",,,21.0,,,,,
BARAO DE COTEGIPE,"(-52.3798, -27.6208)",,,3.0,,,,,
ERECHIM,"(-52.2697, -27.6364)",,,39.0,7.15,0.143,44.0,7.185,0.46
CUMARI,"(-48.1511, -18.2644)",,,2.0,,,,,
TAPURAH,"(-56.5178, -12.695)",,,7.0,,,,,
LUCAS DO RIO VERDE,"(-55.9042, -13.0588)",,,24.0,,,,,
ARAPORA,"(-49.1847, -18.4357)",,,3.0,,,,,
CORUMBAIBA,"(-48.5626, -18.1415)",,,5.0,,,,,
FRONTEIRA,"(-49.1984, -20.2748)",,,4.0,,,,,
SAO FIDELIS,"(-41.756, -21.6551)",,,8.0,,,,,
CAMPOS DOS GOYTACAZES,"(-41.3181, -21.7622)",,,96.0,7.821,0.157,42.0,7.503,0.146
SAO JOAO DA BARRA,"(-41.0446, -21.638)",,,11.0,,,,,
PORTO XAVIER,"(-55.1379, -27.9082)",,,3.0,,,,,
FLORIANO,"(-43.0241, -6.77182)",,,15.0,,,,,
DIRCEU ARCOVERDE,"(-42.4348, -9.33939)",,,5.0,,,,,
BARAO DE GRAJAU,"(-43.0261, -6.74463)",,,4.0,,,,,
FRONTEIRAS,"(-40.6146, -7.08173)",,,4.0,,,,,
ITAJUBA,"(-45.4598, -22.4225)",,,18.0,7.565,0.124,32.0,7.336,0.292
BOM JESUS DO ITABAPOANA,"(-41.6822, -21.1449)",,,8.0,,,,,
CACHOEIRO DE ITAPEMIRIM,"(-41.1198, -20.8462)",,,42.0,7.535,0.21,59.0,7.193,0.428
ARACRUZ,"(-40.2764, -19.82)",,,20.0,7.391,0.149,28.0,6.995,0.437
GUARAPARI,"(-40.5093, -20.6772)",,,26.0,7.41,0.187,16.0,7.65,0.0
SOROCABA,"(-47.4451, -23.4969)",,,123.0,6.833,0.196,104.0,7.177,0.38
JUQUIA,"(-47.6426, -24.3101)",,,4.0,,,,,
TIETE,"(-47.7164, -23.1101)",,,13.0,,,,,
SALTO,"(-47.2931, -23.1996)",,,22.0,6.72,0.311,50.0,6.999,0.375
JUNDIAI,"(-46.8974, -23.1852)",,,91.0,6.824,0.199,105.0,6.978,0.36
PIMENTEIRAS DO OESTE,"(-61.0471, -13.4823)",,,1.0,,,,,
NOVA PETROPOLIS,"(-51.1136, -29.3741)",,,8.0,,,,,
LUZIANIA,"(-47.95, -16.253)",,,36.0,7.268,0.33,47.0,6.946,0.334
CRISTALINA,"(-47.6131, -16.7676)",,,13.0,,,,,
PLANALTINA,"(-47.6089, -15.452)",,,16.0,,,,,
FORMOSA,"(-47.337, -15.54)",,,29.0,7.593,0.296,44.0,7.385,0.411
ALMAS,"(-47.1792, -11.5706)",,,4.0,,,,,
PONTE ALTA DO BOM JESUS,"(-46.4825, -12.0853)",,,1.0,,,,,
IPORA,"(-53.706, -24.0083)",,,13.0,,,,,
DOM ELISEU,"(-47.8245, -4.19944)",,,8.0,,,,,
ITINGA DO MARANHAO,"(-47.5235, -4.45293)",,,5.0,,,,,
CAROLINA,"(-47.4634, -7.33584)",,,10.0,,,,,
TANGARA DA SERRA,"(-57.4933, -14.6229)",,,24.0,,,,,
BAEPENDI,"(-44.8874, -21.957)",,,4.0,,,,,
SAPEZAL,"(-58.7645, -12.9892)",,,8.0,,,,,
CAMPO NOVO DO PARECIS,"(-57.8907, -13.6587)",,,11.0,,,,,
SANTO INACIO,"(-51.7969, -22.6957)",,,4.0,,,,,
PIRAPOZINHO,"(-51.4976, -22.2711)",,,8.0,,,,,
JANDAIA DO SUL,"(-51.6448, -23.6011)",,,5.0,,,,,
PEABIRU,"(-52.3431, -23.914)",,,7.0,,,,,
CRATEUS,"(-40.6536, -5.16768)",,,20.0,7.999,0.209,28.0,7.666,0.332
SAO PEDRO DA ALDEIA,"(-42.1026, -22.8429)",,,18.0,,,,,
FELIXLANDIA,"(-44.9004, -18.7507)",,,5.0,,,,,
GOVERNADOR VALADARES,"(-41.9555, -18.8545)",,,58.0,7.395,0.1,53.0,7.21,0.41
CORINTO,"(-44.4542, -18.369)",,,6.0,,,,,
CURVELO,"(-44.4303, -18.7527)",,,24.0,7.603,0.14,18.0,7.06,0.403
SAO JOAO DAS MISSOES,"(-44.0922, -14.8859)",,,2.0,,,,,
TURMALINA,"(-42.7285, -17.2828)",,,5.0,,,,,
DATAS,"(-43.6591, -18.4478)",,,1.0,,,,,
CAPELINHA,"(-42.5147, -17.6888)",,,9.0,,,,,
SAO SEBASTIAO DO PARAISO,"(-46.9837, -20.9167)",,,21.0,7.696,0.126,28.0,7.286,0.349
SANTO ANTONIO DA ALEGRIA,"(-47.1464, -21.0864)",,,3.0,,,,,
MARMELEIRO,"(-53.0267, -26.1472)",,,10.0,,,,,
ALTO PARAISO,"(-52.7469, -26.1146)",,,6.0,,,,,
CASEARA,"(-49.9521, -9.27612)",,,3.0,,,,,
SAO BORJA,"(-56.0036, -28.6578)",,,10.0,,,,,
BARRA DO QUARAI,"(-57.5497, -30.2029)",,,3.0,,,,,
SAO JOSE DOS AUSENTES,"(-50.0677, -28.7476)",,,1.0,,,,,
SAO FRANCISCO DO SUL,"(-48.6344, -26.2579)",,,10.0,,,,,
GUARATUBA,"(-48.5752, -25.8817)",,,16.0,,,,,
NOVA ANDRADINA,"(-53.3437, -22.238)",,,14.0,7.753,0.063,24.0,7.327,0.364
BATAYPORA,"(-53.2705, -22.2944)",,,3.0,,,,,
JOAO MONLEVADE,"(-43.1735, -19.8126)",,,14.0,7.583,0.123,32.0,7.233,0.39
MARITUBA,"(-48.3421, -1.36002)",,,15.0,,,,,
BARCARENA,"(-48.6195, -1.51187)",,,26.0,,,,,
CACHOEIRA DO PIRIA,"(-46.5459, -1.75974)",,,3.0,,,,,
CARATINGA,"(-42.1292, -19.7868)",,,22.0,7.903,0.111,19.0,7.244,0.379
IPU,"(-40.7059, -4.31748)",,,12.0,,,,,
SAO JOAO DA FRONTEIRA,"(-41.2569, -3.95497)",,,5.0,,,,,
UBAJARA,"(-40.9204, -3.85448)",,,7.0,,,,,
CHAPADINHA,"(-43.3538, -3.73875)",,,32.0,,,,,
OIAPOQUE,"(-51.8331, 3.84074)",,,6.0,,,,,
MARCO,"(-40.1582, -3.1285)",,,7.0,,,,,
UMIRIM,"(-39.3465, -3.67654)",,,4.0,,,,,
SOBRAL,"(-40.3482, -3.68913)",,,40.0,8.132,0.188,56.0,,
CRUZ,"(-40.176, -2.91813)",,,12.0,,,,,
CHAVAL,"(-41.2435, -3.03571)",,,2.0,,,,,
PATOS,"(-37.2747, -7.01743)",,,26.0,7.349,0.186,30.0,7.368,0.442
SERRA NEGRA DO NORTE,"(-37.3996, -6.66031)",,,3.0,,,,,
JACINTO,"(-40.295, -16.1428)",,,2.0,,,,,
ARACUAI,"(-42.0637, -16.8523)",,,8.0,,,,,
SALINAS,"(-42.2964, -16.1753)",,,10.0,,,,,
SIMAO DIAS,"(-37.8097, -10.7387)",,,4.0,,,,,
SAO MATEUS,"(-39.8579, -18.7214)",,,29.0,7.666,0.166,29.0,6.85,0.353
ABARE,"(-39.1162, -8.72073)",,,8.0,,,,,
BELEM DO SAO FRANCISCO,"(-38.9623, -8.75046)",,,3.0,,,,,
SAO SEBASTIAO DO PASSE,"(-38.4905, -12.5123)",,,9.0,,,,,
ENCRUZILHADA,"(-40.9124, -15.5302)",,,8.0,,,,,
PETROLINA,"(-40.5027, -9.38866)",,,73.0,7.909,0.239,49.0,7.621,0.406
NAVEGANTES,"(-48.6546, -26.8943)",,,18.0,,,,,
ADRIANOPOLIS,"(-48.9922, -24.6606)",,,2.0,,,,,
RIBEIRA,"(-49.0044, -24.6517)",,,1.0,,,,,
BARRA DO TURVO,"(-48.5013, -24.759)",,,4.0,,,,,
ITARARE,"(-49.3352, -24.1085)",,,8.0,,,,,
ECOPORANGA,"(-40.836, -18.3702)",,,6.0,,,,,
GRANJA,"(-40.8372, -3.12788)",,,11.0,,,,,
JACOBINA,"(-40.5117, -11.1812)",,,21.0,7.996,0.15,30.0,7.865,0.609
SALITRE,"(-40.45, -7.28398)",,,7.0,,,,,
MARCOLANDIA,"(-40.6602, -7.44169)",,,4.0,,,,,
CACHOEIRA DOURADA,"(-49.5039, -18.5161)",,,3.0,,,,,
TEOFILO OTONI,"(-41.5087, -17.8595)",,,33.0,7.512,0.119,52.0,7.145,0.42
SERRA DOS AIMORES,"(-40.2453, -17.7872)",,,2.0,,,,,
VIANOPOLIS,"(-48.5159, -16.7405)",,,5.0,,,,,
MORRINHOS,"(-40.1233, -3.23426)",,,8.0,7.232,0.163,41.0,6.954,0.394
IPAMERI,"(-48.1581, -17.7215)",,,13.0,,,,,
ITAPIPOCA,"(-39.5836, -3.49933)",,,26.0,7.975,0.157,24.0,,
SAO GONCALO DO AMARANTE,"(-38.9726, -3.60515)",,,16.0,,,,,
BATAGUASSU,"(-52.4221, -21.7159)",,,4.0,,,,,
PRESIDENTE VENCESLAU,"(-51.8447, -21.8732)",,,16.0,6.938,0.292,13.0,7.351,0.416
TRES LAGOAS,"(-51.7007, -20.7849)",,,27.0,7.379,0.177,57.0,7.19,0.329
NOVA SERRANA,"(-44.9847, -19.8713)",,,21.0,,,,,
LEOPOLDINA,"(-42.6421, -21.5296)",,,18.0,7.729,0.105,28.0,7.081,0.322
GUAJARA-MIRIM,"(-65.3296, -10.7889)",,,5.0,,,,,
IRAI,"(-53.2543, -27.1951)",,,3.0,,,,,
SANT'ANA DO LIVRAMENTO,"(-55.5392, -30.8773)",,,,,,,,
MARAVILHA,"(-53.1737, -26.7665)",,,3.0,,,,,
ITAPIRAPUA,"(-50.6094, -15.8205)",,,5.0,,,,,
PIRIPIRI,"(-41.7716, -4.27157)",,,20.0,7.964,0.181,20.0,7.602,0.377
PEDRO II,"(-41.4482, -4.42585)",,,8.0,,,,,
PARAISO,"(-53.6716, -26.62)",,,2.0,,,,,
FLORIANOPOLIS,"(-48.5477, -27.5945)",,,93.0,7.236,0.227,166.0,7.207,0.46
PALESTINA DO PARA,"(-48.3181, -5.74027)",,,2.0,,,,,
JI-PARANA,"(-61.9322, -10.8777)",,,42.0,7.598,0.191,56.0,7.751,0.428
COSTA MARQUES,"(-64.228, -12.4367)",,,5.0,,,,,
IPIRANGA DO NORTE,"(-56.1531, -12.2408)",,,3.0,,,,,
SORRISO,"(-55.7211, -12.5425)",,,24.0,7.434,0.207,39.0,7.614,0.354
SANTA RITA DO TRIVELATO,"(-55.2706, -13.8146)",,,1.0,,,,,
BERILO,"(-42.4606, -16.9567)",,,5.0,,,,,
IPE,"(-51.2859, -28.8171)",,,4.0,,,,,
MACUCO,"(-42.2533, -21.9813)",,,2.0,,,,,
BOA VISTA DO GURUPI,"(-46.3002, -1.77614)",,,,,,,,
TIMON,"(-42.8329, -5.09769)",,,22.0,,,,,
ESTREITO,"(-47.4431, -6.56077)",,,9.0,,,,,
NATIVIDADE,"(-47.7223, -11.7034)",,,2.0,,,,,
ARRAIAS,"(-46.9359, -12.9287)",,,2.0,,,,,
UIRAUNA,"(-38.4128, -6.51504)",,,6.0,,,,,
PAU DOS FERROS,"(-38.2077, -6.10498)",,,9.0,,,,,
ITU,"(-47.2927, -23.2544)",,,34.0,6.726,0.219,69.0,7.056,0.395
PIRACICABA,"(-47.6476, -22.7338)",,,86.0,6.823,0.162,75.0,7.062,0.419
CAMPINAS,"(-47.0659, -22.9053)",,,170.0,6.758,0.177,160.0,6.988,0.419
PRAIA GRANDE,"(-46.4121, -24.0084)",,,45.0,6.894,0.216,56.0,7.215,0.531
JACAREI,"(-45.9658, -23.2983)",,,49.0,6.537,0.142,66.0,6.672,0.332
MOGI GUACU,"(-46.9428, -22.3675)",,,27.0,6.638,0.324,64.0,7.091,0.345
CORDEIROPOLIS,"(-47.4519, -22.4778)",,,8.0,,,,,
DORES DO RIO PRETO,"(-41.8405, -20.6931)",,,2.0,,,,,
CARUARU,"(-35.9699, -8.28455)",,,77.0,7.233,0.166,54.0,,
ERVALIA,"(-42.6544, -20.8403)",,,6.0,,,,,
CRISTOPOLIS,"(-44.4214, -12.2249)",,,6.0,,,,,
TAUBATE,"(-45.5593, -23.0104)",,,62.0,6.695,0.263,39.0,6.899,0.47
CRUZMALTINA,"(-51.4563, -24.0132)",,,1.0,,,,,
SANTA RITA DO ARAGUAIA,"(-53.2012, -17.3269)",,,2.0,,,,,
MINEIROS,"(-52.5537, -17.5654)",,,14.0,7.56,0.097,26.0,7.497,0.367
ALTO ARAGUAIA,"(-53.2181, -17.3153)",,,2.0,,,,,
TAQUARITINGA DO NORTE,"(-36.0423, -7.89446)",,,11.0,,,,,
GUAIRA,"(-54.2573, -24.085)",,,10.0,,,,,
MUNDO NOVO,"(-54.281, -23.9355)",,,5.0,,,,,
WANDERLANDIA,"(-47.9601, -6.85274)",,,4.0,,,,,
AGUIARNOPOLIS,"(-47.4702, -6.55409)",,,1.0,,,,,
MAUA DA SERRA,"(-51.2277, -23.8988)",,,3.0,,,,,
SAO MIGUEL DO ARAGUAIA,"(-50.1634, -13.2731)",,,7.0,,,,,
SAO LUIS DE MONTES BELOS,"(-50.3726, -16.5211)",,,12.0,,,,,
PADRE BERNARDO,"(-48.2833, -15.1605)",,,7.0,,,,,
URUACU,"(-49.1396, -14.5238)",,,11.0,,,,,
CURRAIS NOVOS,"(-36.5146, -6.25484)",,,7.0,,,,,
DOURADOS,"(-54.812, -22.2231)",,,64.0,7.027,0.119,40.0,6.923,0.322
PONTA PORA,"(-55.7203, -22.5296)",,,14.0,7.418,0.106,16.0,7.104,0.321
SAO JOAO DOS PATOS,"(-43.7036, -6.4934)",,,4.0,,,,,
MORROS,"(-44.0357, -2.85379)",,,3.0,,,,,
CHAPADAO DO SUL,"(-52.6263, -18.788)",,,6.0,,,,,
BANDEIRANTES,"(-54.3585, -19.9275)",,,2.0,,,,,
PIO IX,"(-40.6083, -6.83002)",,,9.0,,,,,
VARZEA BRANCA,"(-42.9692, -9.238)",,,2.0,,,,,
PARAMBU,"(-40.6905, -6.20768)",,,10.0,,,,,
NOVO PROGRESSO,"(-55.3786, -7.14347)",,,21.0,,,,,
POCOS DE CALDAS,"(-46.5692, -21.78)",,,32.0,7.363,0.146,47.0,7.201,0.289
BAIA FORMOSA,"(-35.0033, -6.37161)",,,1.0,,,,,
GARIBALDI,"(-51.5352, -29.259)",,,10.0,,,,,
COIVARAS,"(-42.208, -5.09224)",,,1.0,,,,,
PIRAPORA,"(-44.934, -17.3392)",,,15.0,,,,,
CARLINDA,"(-55.8417, -9.94912)",,,4.0,,,,,
NOVA SANTA HELENA,"(-55.1872, -10.8651)",,,2.0,,,,,
JACAREZINHO,"(-49.9739, -23.1591)",,,10.0,,,,,
MARECHAL CANDIDO RONDON,"(-54.0571, -24.557)",,,18.0,7.173,0.25,21.0,7.038,0.354
PRIMAVERA DO LESTE,"(-54.2811, -15.544)",,,25.0,,,,,
ITAPERUNA,"(-41.8799, -21.1997)",,,19.0,8.155,0.123,24.0,7.223,0.399
NONOAI,"(-52.7756, -27.3689)",,,5.0,,,,,
LAURO DE FREITAS,"(-38.321, -12.8978)",,,33.0,7.951,0.036,44.0,7.661,0.481
COMODORO,"(-59.7848, -13.6614)",,,4.0,,,,,
CACERES,"(-57.6818, -16.0764)",,,17.0,7.078,0.115,52.0,7.31,0.318
FLORESTA AZUL,"(-39.6579, -14.8629)",,,2.0,,,,,
VITORIA DA CONQUISTA,"(-40.8442, -14.8615)",,,61.0,8.303,0.043,40.0,7.825,0.351
ITAPE,"(-39.4239, -14.8876)",,,3.0,,,,,
TIRADENTES DO SUL,"(-54.0814, -27.4022)",,,2.0,,,,,
COSTA RICA,"(-53.1287, -18.5432)",,,5.0,,,,,
COXIM,"(-54.751, -18.5013)",,,11.0,7.474,0.101,24.0,7.167,0.349
BOCAIUVA,"(-43.8104, -17.1135)",,,13.0,,,,,
SENADOR MODESTINO GONCALVES,"(-43.2172, -17.9465)",,,1.0,,,,,
RIOZINHO,"(-50.4488, -29.639)",,,1.0,,,,,
VACARIA,"(-50.9418, -28.5079)",,,17.0,7.204,0.155,35.0,7.178,0.491
CAMAQUA,"(-51.8043, -30.8489)",,,17.0,,,,,
JAGUARAO,"(-53.377, -32.5604)",,,8.0,,,,,
BAIXO GUANDU,"(-41.0109, -19.5213)",,,6.0,,,,,
CABROBO,"(-39.3094, -8.50548)",,,9.0,,,,,
ARUANA,"(-51.075, -14.9166)",,,4.0,,,,,
ARAGUAPAZ,"(-50.6315, -15.0909)",,,4.0,,,,,
CAMPO VERDE,"(-55.1626, -15.545)",,,15.0,,,,,
IBOTIRAMA,"(-43.2167, -12.1779)",,,4.0,,,,,
ITAGIMIRIM,"(-39.6133, -16.0819)",,,5.0,,,,,
SANTA CRUZ CABRALIA,"(-39.0295, -16.2825)",,,6.0,,,,,
FORMOSA DO RIO PRETO,"(-45.193, -11.0328)",,,11.0,,,,,
COCOS,"(-44.5352, -14.1814)",,,4.0,,,,,
CRISTALANDIA DO PIAUI,"(-45.1893, -10.6443)",,,2.0,,,,,
TIO HUGO,"(-52.5955, -28.5712)",,,3.0,,,,,
PACARAIMA,"(-61.1477, 4.4799)",,,1.0,,,,,
RORAINOPOLIS,"(-60.4389, 0.939956)",,,10.0,,,,,
JUATUBA,"(-44.3451, -19.9448)",,,6.0,,,,,
MARCELINO RAMOS,"(-51.9095, -27.4676)",,,4.0,,,,,
BELA VISTA,"(-56.5263, -22.1073)",,,5.0,,,,,
GUAPORE,"(-51.8895, -28.8399)",,,6.0,,,,,
TIMBAUBA,"(-35.3119, -7.50484)",,,10.0,,,,,
FERREIRA GOMES,"(-51.1795, 0.857256)",,,1.0,,,,,
CAROEBE,"(-59.6959, 0.884203)",,,5.0,,,,,
SANTA CRUZ DO SUL,"(-52.4343, -29.722)",,,47.0,7.156,0.131,44.0,7.218,0.411
NOVA MUTUM,"(-56.0743, -13.8374)",,,19.0,,,,,
DIVISA ALEGRE,"(-41.3463, -15.7221)",,,3.0,,,,,
MARATAIZES,"(-40.8384, -21.0398)",,,8.0,,,,,
LUIS CORREIA,"(-41.6641, -2.88438)",,,10.0,,,,,
PORTO MURTINHO,"(-57.8836, -21.6981)",,,2.0,,,,,
PAULO AFONSO,"(-38.2216, -9.3983)",,,17.0,7.76,0.0,1.0,,
DELMIRO GOUVEIA,"(-37.9987, -9.38534)",,,14.0,8.09,0.11,28.0,8.095,0.377
PROPRIA,"(-36.8442, -10.2138)",,,5.0,,,,,
CRISTINAPOLIS,"(-37.7585, -11.4668)",,,1.0,,,,,
CHUI,"(-53.4594, -33.6866)",,,6.0,,,,,
PELOTAS,"(-52.3371, -31.7649)",,,85.0,7.135,0.174,56.0,7.18,0.377
SAO JOAO DO ARRAIAL,"(-42.4459, -3.8186)",,,4.0,,,,,
PARAPUA,"(-50.7949, -21.7792)",,,6.0,,,,,
BEBEDOURO,"(-48.4791, -20.9491)",,,20.0,6.984,0.16,36.0,7.054,0.438
MATAO,"(-48.364, -21.6025)",,,21.0,6.584,0.481,65.0,7.156,0.391
BILAC,"(-50.4746, -21.404)",,,3.0,,,,,
CLEMENTINA,"(-50.4525, -21.5604)",,,3.0,,,,,
CATANDUVA,"(-48.977, -21.1314)",,,36.0,6.933,0.14,47.0,7.106,0.43
URUGUAIANA,"(-57.0853, -29.7614)",,,17.0,7.125,0.176,28.0,7.034,0.375
JULIO DE CASTILHOS,"(-53.6772, -29.2299)",,,9.0,,,,,
SANTANA DA BOA VISTA,"(-53.11, -30.8697)",,,3.0,,,,,
RIO REAL,"(-37.9332, -11.4814)",,,7.0,,,,,
MUCURI,"(-39.5565, -18.0754)",,,8.0,,,,,
CAMPOS BELOS,"(-46.7681, -13.035)",,,6.0,,,,,
PEREIRA BARRETO,"(-51.1123, -20.6368)",,,7.0,,,,,
ILHA SOLTEIRA,"(-51.3426, -20.4326)",,,10.0,,,,,
MIRASSOL,"(-49.5206, -20.8169)",,,22.0,6.78,0.088,32.0,7.102,0.356
BOM JESUS,"(-44.359, -9.07124)",,,2.0,,,,,
SANTA FILOMENA,"(-45.9116, -9.11228)",,,5.0,,,,,
REDENCAO DO GURGUEIA,"(-44.5811, -9.47937)",,,3.0,,,,,
NOVO LINO,"(-35.664, -8.94191)",,,3.0,,,,,
AGUAS LINDAS DE GOIAS,"(-48.2816, -15.7617)",,,21.0,7.804,0.288,20.0,7.405,0.545
NOVA FLORESTA,"(-36.2057, -6.45056)",,,2.0,,,,,
MACHADO,"(-45.9219, -21.6778)",,,9.0,,,,,
TOUROS,"(-35.4621, -5.20182)",,,6.0,,,,,
GUARANTA DO NORTE,"(-54.9121, -9.96218)",,,11.0,,,,,
ITIQUIRA,"(-54.1422, -17.2147)",,,5.0,,,,,
PENAFORTE,"(-39.0707, -7.82163)",,,3.0,,,,,
VIRGEM DA LAPA,"(-42.3431, -16.807)",,,3.0,,,,,
CAPAO BONITO,"(-48.3482, -24.0113)",,,13.0,,,,,
HUMBERTO DE CAMPOS,"(-43.4649, -2.59828)",,,6.0,,,,,
IPAUMIRIM,"(-38.7179, -6.78265)",,,4.0,,,,,
JERUMENHA,"(-43.5033, -7.09128)",,,2.0,,,,,
TRES FRONTEIRAS,"(-50.8905, -20.2344)",,,2.0,,,,,
AUGUSTO CORREA,"(-46.6147, -1.05109)",,,5.0,,,,,
CARIRA,"(-37.7002, -10.3524)",,,4.0,,,,,
PEDRO ALEXANDRE,"(-37.8932, -10.012)",,,4.0,,,,,
PIRANHAS,"(-51.8235, -16.4258)",,,8.0,,,,,
UMBURANAS,"(-41.3234, -10.7339)",,,4.0,,,,,
OURO BRANCO,"(-37.3556, -9.15884)",,,1.0,,,,,
CAMPO MOURAO,"(-52.378, -24.0463)",,,24.0,6.823,0.281,56.0,6.976,0.418
GOIOERE,"(-53.0248, -24.1835)",,,12.0,,,,,
AREIA BRANCA,"(-37.1252, -4.95254)",,,4.0,,,,,
JANDUIS,"(-37.4048, -6.01474)",,,1.0,,,,,
CORUMBA,"(-57.651, -19.0077)",,,14.0,7.736,0.088,40.0,7.553,0.277
REMANSO,"(-42.0848, -9.61944)",,,7.0,,,,,
IBITIARA,"(-42.2179, -12.6502)",,,9.0,,,,,
EUSEBIO,"(-38.4559, -3.8925)",,,23.0,,,,,
ARACATI,"(-37.7679, -4.55826)",,,13.0,,,,,
QUARAI,"(-56.4483, -30.384)",,,8.0,,,,,
JARAGUA,"(-49.3344, -15.7529)",,,14.0,,,,,
ITABERAI,"(-49.806, -16.0206)",,,10.0,,,,,
VIAMAO,"(-51.0194, -30.0819)",,,31.0,6.897,0.14,30.0,7.007,0.431
CANTA,"(-60.6058, 2.60994)",,,6.0,,,,,
GOIANA,"(-34.9959, -7.5606)",,,12.0,7.27,0.183,28.0,,
BELO HORIZONTE,"(-43.9266, -19.9102)",,,287.0,7.375,0.13,175.0,7.058,0.386
EXTREMA,"(-46.3178, -22.854)",,,10.0,,,,,
CARAVELAS,"(-39.2597, -17.7268)",,,6.0,,,,,
VILA RICA,"(-51.1186, -10.0137)",,,6.0,,,,,
SERTANEJA,"(-50.8317, -23.0361)",,,4.0,,,,,
FLORINIA,"(-50.6814, -22.868)",,,1.0,,,,,
PEDRA AZUL,"(-41.2909, -16.0086)",,,4.0,,,,,
ICEM,"(-49.1915, -20.3391)",,,2.0,,,,,
BRUMADO,"(-41.6696, -14.2021)",,,20.0,7.933,0.243,30.0,7.949,0.406
BEBERIBE,"(-38.1271, -4.17741)",,,13.0,,,,,
ITAQUIRAI,"(-54.187, -23.4779)",,,5.0,,,,,
NAVIRAI,"(-54.1995, -23.0618)",,,14.0,,,,,
JANDAIRA,"(-37.7853, -11.5616)",,,1.0,,,,,
PARACATU,"(-46.8711, -17.2252)",,,15.0,7.829,0.171,34.0,7.493,0.368
VARGEM,"(-46.4124, -22.887)",,,3.0,,,,,
JARDIM,"(-56.1489, -21.4799)",,,6.0,,,,,
FORMOSO DO ARAGUAIA,"(-49.5316, -11.7976)",,,5.0,,,,,
TAGUATINGA,"(-46.437, -12.4026)",,,4.0,,,,,
JAU,"(-48.5592, -22.2936)",,,37.0,6.604,0.285,54.0,6.878,0.364
SAO PEDRO,"(-47.9096, -22.5483)",,,12.0,,,,,
PEDRO CANARIO,"(-39.9574, -18.3004)",,,6.0,,,,,
VOTUPORANGA,"(-49.9781, -20.4237)",,,28.0,6.854,0.207,55.0,7.101,0.391
ARARIPINA,"(-40.494, -7.57073)",,,35.0,7.94,0.148,36.0,,
SALGUEIRO,"(-39.1247, -8.07373)",,,15.0,7.861,0.15,31.0,,
MAFRA,"(-49.8086, -26.1159)",,,19.0,6.934,0.302,28.0,7.178,0.388
CAPAO ALTO,"(-50.5098, -27.9389)",,,2.0,,,,,
RIO NEGRO,"(-49.7982, -26.095)",,,2.0,,,,,
TARUMIRIM,"(-42.0097, -19.2835)",,,6.0,,,,,
IPATINGA,"(-42.5476, -19.4703)",,,43.0,7.636,0.119,52.0,7.06,0.385
SONORA,"(-54.7551, -17.5698)",,,4.0,,,,,
IUNA,"(-41.5334, -20.3531)",,,7.0,,,,,
CACHOEIRA DOS INDIOS,"(-38.676, -6.91353)",,,5.0,,,,,
VALPARAISO DE GOIAS,"(-47.9757, -16.0651)",,,28.0,7.623,0.26,36.0,7.26,0.456
BONFIM,"(-59.8333, 3.36161)",,,5.0,,,,,
ILHEUS,"(-39.046, -14.793)",,,38.0,8.154,0.122,47.0,8.077,0.449
AGUAS DA PRATA,"(-46.7176, -21.9319)",,,5.0,,,,,
PICOS,"(-41.467, -7.07721)",,,36.0,7.656,0.165,36.0,7.354,0.305
ACAUA,"(-41.0831, -8.21954)",,,1.0,,,,,
BATATAIS,"(-47.5921, -20.8929)",,,16.0,,,,,
COMENDADOR LEVY GASPARIAN,"(-43.214, -22.0404)",,,3.0,,,,,
FOZ DO IGUACU,"(-54.5827, -25.5427)",,,59.0,7.14,0.221,76.0,7.036,0.38
MATA GRANDE,"(-37.7323, -9.11824)",,,5.0,,,,,
XAMBIOA,"(-48.532, -6.4141)",,,3.0,,,,,
VARGEM GRANDE DO SUL,"(-46.8913, -21.8322)",,,11.0,,,,,
SAO CARLOS,"(-47.886, -22.0174)",,,61.0,6.922,0.158,105.0,6.996,0.385
QUELUZ,"(-44.7781, -22.5312)",,,5.0,,,,,
NOVA LONDRINA,"(-52.9868, -22.7639)",,,7.0,,,,,
MOCOCA,"(-47.0024, -21.4647)",,,24.0,7.034,0.153,43.0,7.039,0.389
VIRADOURO,"(-48.293, -20.8734)",,,6.0,,,,,
AFRANIO,"(-41.0095, -8.51136)",,,5.0,,,,,
NOVA LIMA,"(-43.8509, -19.9758)",,,20.0,7.656,0.095,21.0,7.65,0.0
SANTO ANTONIO DO DESCOBERTO,"(-48.2578, -15.9412)",,,10.0,,,,,
ATALAIA,"(-36.0086, -9.5119)",,,8.0,,,,,
MATARACA,"(-35.0531, -6.59673)",,,1.0,,,,,
CAMPINA GRANDE DO SUL,"(-49.0551, -25.3044)",,,14.0,,,,,
OUROESTE,"(-50.3768, -20.0061)",,,5.0,,,,,
CRUZEIRO DO OESTE,"(-53.0774, -23.7799)",,,9.0,,,,,
ARAGUATINS,"(-48.1232, -5.64659)",,,4.0,,,,,
MARTINOPOLIS,"(-51.1709, -22.1462)",,,8.0,,,,,
PANORAMA,"(-51.8562, -21.354)",,,5.0,,,,,
GARUVA,"(-48.852, -26.0292)",,,3.0,,,,,
PASSO DE TORRES,"(-49.722, -29.3099)",,,7.0,,,,,
COTIA,"(-46.919, -23.6022)",,,42.0,6.78,0.264,52.0,7.167,0.396
MOGI MIRIM,"(-46.9532, -22.4332)",,,24.0,6.681,0.337,53.0,7.028,0.447
TORRES,"(-49.7333, -29.3334)",,,16.0,6.874,0.275,20.0,6.992,0.436
ARAGUARI,"(-48.1934, -18.6456)",,,33.0,7.488,0.121,75.0,7.211,0.381
SERTAOZINHO,"(-47.9875, -21.1316)",,,26.0,6.916,0.177,55.0,7.226,0.332
SENGES,"(-49.4616, -24.1129)",,,3.0,,,,,
RIO BONITO,"(-42.6276, -22.7181)",,,15.0,7.615,0.229,24.0,6.978,0.636
GUARANI DE GOIAS,"(-46.4868, -13.9421)",,,2.0,,,,,
PRESIDENTE EPITACIO,"(-52.1111, -21.7651)",,,13.0,,,,,
ITAPIRA,"(-46.8224, -22.4357)",,,16.0,6.654,0.325,44.0,7.086,0.387
IGARAPAVA,"(-47.7466, -20.0407)",,,10.0,,,,,
CHARQUEADA,"(-47.7755, -22.5096)",,,3.0,,,,,
CASTILHO,"(-51.4884, -20.8689)",,,6.0,,,,,
CRISTAIS PAULISTA,"(-47.4209, -20.4036)",,,4.0,,,,,
ITIRAPINA,"(-47.8166, -22.2562)",,,5.0,,,,,
RUBINEIA,"(-51.007, -20.1759)",,,2.0,,,,,
